Test_Type,Stake_Percent,Test_Run,Result,Finalization_Time,Path_Used
fast_path,80,1,SUCCESS,1,fast
fast_path,80,2,SUCCESS,1,fast
fast_path,80,3,SUCCESS,1,fast
fast_path,80,4,SUCCESS,1,fast
fast_path,80,5,SUCCESS,1,fast
fast_path,80,6,SUCCESS,1,fast
fast_path,80,7,SUCCESS,1,fast
fast_path,80,8,SUCCESS,1,fast
fast_path,80,9,SUCCESS,1,fast
fast_path,80,10,SUCCESS,1,fast
fast_path,80,11,SUCCESS,1,fast
fast_path,80,12,SUCCESS,1,fast
fast_path,80,13,SUCCESS,1,fast
fast_path,80,14,SUCCESS,1,fast
fast_path,80,15,SUCCESS,1,fast
fast_path,80,16,SUCCESS,1,fast
fast_path,80,17,SUCCESS,1,fast
fast_path,80,18,SUCCESS,1,fast
fast_path,80,19,SUCCESS,1,fast
fast_path,80,20,SUCCESS,1,fast
fast_path,80,21,SUCCESS,1,fast
fast_path,80,22,SUCCESS,1,fast
fast_path,80,23,SUCCESS,1,fast
fast_path,80,24,SUCCESS,1,fast
fast_path,80,25,SUCCESS,1,fast
fast_path,80,26,SUCCESS,1,fast
fast_path,80,27,SUCCESS,1,fast
fast_path,80,28,SUCCESS,1,fast
fast_path,80,29,SUCCESS,1,fast
fast_path,80,30,SUCCESS,1,fast
fast_path,80,31,SUCCESS,1,fast
fast_path,80,32,SUCCESS,1,fast
fast_path,80,33,SUCCESS,1,fast
fast_path,80,34,SUCCESS,1,fast
fast_path,80,35,SUCCESS,1,fast
fast_path,80,36,SUCCESS,1,fast
fast_path,80,37,SUCCESS,1,fast
fast_path,80,38,SUCCESS,1,fast
fast_path,80,39,SUCCESS,1,fast
fast_path,80,40,SUCCESS,1,fast
fast_path,80,41,SUCCESS,1,fast
fast_path,80,42,SUCCESS,1,fast
fast_path,80,43,SUCCESS,1,fast
fast_path,80,44,SUCCESS,1,fast
fast_path,80,45,SUCCESS,1,fast
fast_path,80,46,SUCCESS,1,fast
fast_path,80,47,SUCCESS,1,fast
fast_path,80,48,SUCCESS,1,fast
fast_path,80,49,SUCCESS,1,fast
fast_path,80,50,SUCCESS,1,fast
fast_path,80,51,SUCCESS,1,fast
fast_path,80,52,SUCCESS,1,fast
fast_path,80,53,SUCCESS,1,fast
fast_path,80,54,SUCCESS,1,fast
fast_path,80,55,SUCCESS,1,fast
fast_path,80,56,SUCCESS,1,fast
fast_path,80,57,SUCCESS,1,fast
fast_path,80,58,SUCCESS,1,fast
fast_path,80,59,SUCCESS,1,fast
fast_path,80,60,SUCCESS,1,fast
fast_path,80,61,SUCCESS,1,fast
fast_path,80,62,SUCCESS,1,fast
fast_path,80,63,SUCCESS,1,fast
fast_path,80,64,SUCCESS,1,fast
fast_path,80,65,SUCCESS,1,fast
fast_path,80,66,SUCCESS,1,fast
fast_path,80,67,SUCCESS,1,fast
fast_path,80,68,SUCCESS,1,fast
fast_path,80,69,SUCCESS,1,fast
fast_path,80,70,SUCCESS,1,fast
fast_path,80,71,SUCCESS,1,fast
fast_path,80,72,SUCCESS,1,fast
fast_path,80,73,SUCCESS,1,fast
fast_path,80,74,SUCCESS,1,fast
fast_path,80,75,SUCCESS,1,fast
fast_path,80,76,SUCCESS,1,fast
fast_path,80,77,SUCCESS,1,fast
fast_path,80,78,SUCCESS,1,fast
fast_path,80,79,SUCCESS,1,fast
fast_path,80,80,SUCCESS,1,fast
fast_path,80,81,SUCCESS,1,fast
fast_path,80,82,SUCCESS,1,fast
fast_path,80,83,SUCCESS,1,fast
fast_path,80,84,SUCCESS,1,fast
fast_path,80,85,SUCCESS,1,fast
fast_path,80,86,SUCCESS,1,fast
fast_path,80,87,SUCCESS,1,fast
fast_path,80,88,SUCCESS,1,fast
fast_path,80,89,SUCCESS,1,fast
fast_path,80,90,SUCCESS,1,fast
fast_path,80,91,SUCCESS,1,fast
fast_path,80,92,SUCCESS,1,fast
fast_path,80,93,SUCCESS,1,fast
fast_path,80,94,SUCCESS,1,fast
fast_path,80,95,SUCCESS,1,fast
fast_path,80,96,SUCCESS,1,fast
fast_path,80,97,SUCCESS,1,fast
fast_path,80,98,SUCCESS,1,fast
fast_path,80,99,SUCCESS,1,fast
fast_path,80,100,SUCCESS,1,fast
fast_path,85,1,SUCCESS,1,fast
fast_path,85,2,SUCCESS,1,fast
fast_path,85,3,SUCCESS,1,fast
fast_path,85,4,SUCCESS,1,fast
fast_path,85,5,SUCCESS,1,fast
fast_path,85,6,SUCCESS,1,fast
fast_path,85,7,SUCCESS,1,fast
fast_path,85,8,SUCCESS,1,fast
fast_path,85,9,SUCCESS,1,fast
fast_path,85,10,SUCCESS,1,fast
fast_path,85,11,SUCCESS,1,fast
fast_path,85,12,SUCCESS,1,fast
fast_path,85,13,SUCCESS,1,fast
fast_path,85,14,SUCCESS,1,fast
fast_path,85,15,SUCCESS,1,fast
fast_path,85,16,SUCCESS,1,fast
fast_path,85,17,SUCCESS,1,fast
fast_path,85,18,SUCCESS,1,fast
fast_path,85,19,SUCCESS,1,fast
fast_path,85,20,SUCCESS,1,fast
fast_path,85,21,SUCCESS,1,fast
fast_path,85,22,SUCCESS,1,fast
fast_path,85,23,SUCCESS,1,fast
fast_path,85,24,SUCCESS,1,fast
fast_path,85,25,SUCCESS,1,fast
fast_path,85,26,SUCCESS,1,fast
fast_path,85,27,SUCCESS,1,fast
fast_path,85,28,SUCCESS,1,fast
fast_path,85,29,SUCCESS,1,fast
fast_path,85,30,SUCCESS,1,fast
fast_path,85,31,SUCCESS,1,fast
fast_path,85,32,SUCCESS,1,fast
fast_path,85,33,SUCCESS,1,fast
fast_path,85,34,SUCCESS,1,fast
fast_path,85,35,SUCCESS,1,fast
fast_path,85,36,SUCCESS,1,fast
fast_path,85,37,SUCCESS,1,fast
fast_path,85,38,SUCCESS,1,fast
fast_path,85,39,SUCCESS,1,fast
fast_path,85,40,SUCCESS,1,fast
fast_path,85,41,SUCCESS,1,fast
fast_path,85,42,SUCCESS,1,fast
fast_path,85,43,SUCCESS,1,fast
fast_path,85,44,SUCCESS,1,fast
fast_path,85,45,SUCCESS,1,fast
fast_path,85,46,SUCCESS,1,fast
fast_path,85,47,SUCCESS,1,fast
fast_path,85,48,SUCCESS,1,fast
fast_path,85,49,SUCCESS,1,fast
fast_path,85,50,SUCCESS,1,fast
fast_path,85,51,SUCCESS,1,fast
fast_path,85,52,SUCCESS,1,fast
fast_path,85,53,SUCCESS,1,fast
fast_path,85,54,SUCCESS,1,fast
fast_path,85,55,SUCCESS,1,fast
fast_path,85,56,SUCCESS,1,fast
fast_path,85,57,SUCCESS,1,fast
fast_path,85,58,SUCCESS,1,fast
fast_path,85,59,SUCCESS,1,fast
fast_path,85,60,SUCCESS,1,fast
fast_path,85,61,SUCCESS,1,fast
fast_path,85,62,SUCCESS,1,fast
fast_path,85,63,SUCCESS,1,fast
fast_path,85,64,SUCCESS,1,fast
fast_path,85,65,SUCCESS,1,fast
fast_path,85,66,SUCCESS,1,fast
fast_path,85,67,SUCCESS,1,fast
fast_path,85,68,SUCCESS,1,fast
fast_path,85,69,SUCCESS,1,fast
fast_path,85,70,SUCCESS,1,fast
fast_path,85,71,SUCCESS,1,fast
fast_path,85,72,SUCCESS,1,fast
fast_path,85,73,SUCCESS,1,fast
fast_path,85,74,SUCCESS,1,fast
fast_path,85,75,SUCCESS,1,fast
fast_path,85,76,SUCCESS,1,fast
fast_path,85,77,SUCCESS,1,fast
fast_path,85,78,SUCCESS,1,fast
fast_path,85,79,SUCCESS,1,fast
fast_path,85,80,SUCCESS,1,fast
fast_path,85,81,SUCCESS,1,fast
fast_path,85,82,SUCCESS,1,fast
fast_path,85,83,SUCCESS,1,fast
fast_path,85,84,SUCCESS,1,fast
fast_path,85,85,SUCCESS,1,fast
fast_path,85,86,SUCCESS,1,fast
fast_path,85,87,SUCCESS,1,fast
fast_path,85,88,SUCCESS,1,fast
fast_path,85,89,SUCCESS,1,fast
fast_path,85,90,SUCCESS,1,fast
fast_path,85,91,SUCCESS,1,fast
fast_path,85,92,SUCCESS,1,fast
fast_path,85,93,SUCCESS,1,fast
fast_path,85,94,SUCCESS,1,fast
fast_path,85,95,SUCCESS,1,fast
fast_path,85,96,SUCCESS,1,fast
fast_path,85,97,SUCCESS,1,fast
fast_path,85,98,SUCCESS,1,fast
fast_path,85,99,SUCCESS,1,fast
fast_path,85,100,SUCCESS,1,fast
fast_path,90,1,SUCCESS,1,fast
fast_path,90,2,SUCCESS,1,fast
fast_path,90,3,SUCCESS,1,fast
fast_path,90,4,SUCCESS,1,fast
fast_path,90,5,SUCCESS,1,fast
fast_path,90,6,SUCCESS,1,fast
fast_path,90,7,SUCCESS,1,fast
fast_path,90,8,SUCCESS,1,fast
fast_path,90,9,SUCCESS,1,fast
fast_path,90,10,SUCCESS,1,fast
fast_path,90,11,SUCCESS,1,fast
fast_path,90,12,SUCCESS,1,fast
fast_path,90,13,SUCCESS,1,fast
fast_path,90,14,SUCCESS,1,fast
fast_path,90,15,SUCCESS,1,fast
fast_path,90,16,SUCCESS,1,fast
fast_path,90,17,SUCCESS,1,fast
fast_path,90,18,SUCCESS,1,fast
fast_path,90,19,SUCCESS,1,fast
fast_path,90,20,SUCCESS,1,fast
fast_path,90,21,SUCCESS,1,fast
fast_path,90,22,SUCCESS,1,fast
fast_path,90,23,SUCCESS,1,fast
fast_path,90,24,SUCCESS,1,fast
fast_path,90,25,SUCCESS,1,fast
fast_path,90,26,SUCCESS,1,fast
fast_path,90,27,SUCCESS,1,fast
fast_path,90,28,SUCCESS,1,fast
fast_path,90,29,SUCCESS,1,fast
fast_path,90,30,SUCCESS,1,fast
fast_path,90,31,SUCCESS,1,fast
fast_path,90,32,SUCCESS,1,fast
fast_path,90,33,SUCCESS,1,fast
fast_path,90,34,SUCCESS,1,fast
fast_path,90,35,SUCCESS,1,fast
fast_path,90,36,SUCCESS,1,fast
fast_path,90,37,SUCCESS,1,fast
fast_path,90,38,SUCCESS,1,fast
fast_path,90,39,SUCCESS,1,fast
fast_path,90,40,SUCCESS,1,fast
fast_path,90,41,SUCCESS,1,fast
fast_path,90,42,SUCCESS,1,fast
fast_path,90,43,SUCCESS,1,fast
fast_path,90,44,SUCCESS,1,fast
fast_path,90,45,SUCCESS,1,fast
fast_path,90,46,SUCCESS,1,fast
fast_path,90,47,SUCCESS,1,fast
fast_path,90,48,SUCCESS,1,fast
fast_path,90,49,SUCCESS,1,fast
fast_path,90,50,SUCCESS,1,fast
fast_path,90,51,SUCCESS,1,fast
fast_path,90,52,SUCCESS,1,fast
fast_path,90,53,SUCCESS,1,fast
fast_path,90,54,SUCCESS,1,fast
fast_path,90,55,SUCCESS,1,fast
fast_path,90,56,SUCCESS,1,fast
fast_path,90,57,SUCCESS,1,fast
fast_path,90,58,SUCCESS,1,fast
fast_path,90,59,SUCCESS,1,fast
fast_path,90,60,SUCCESS,1,fast
fast_path,90,61,SUCCESS,1,fast
fast_path,90,62,SUCCESS,1,fast
fast_path,90,63,SUCCESS,1,fast
fast_path,90,64,SUCCESS,1,fast
fast_path,90,65,SUCCESS,1,fast
fast_path,90,66,SUCCESS,1,fast
fast_path,90,67,SUCCESS,1,fast
fast_path,90,68,SUCCESS,1,fast
fast_path,90,69,SUCCESS,1,fast
fast_path,90,70,SUCCESS,1,fast
fast_path,90,71,SUCCESS,1,fast
fast_path,90,72,SUCCESS,1,fast
fast_path,90,73,SUCCESS,1,fast
fast_path,90,74,SUCCESS,1,fast
fast_path,90,75,SUCCESS,1,fast
fast_path,90,76,SUCCESS,1,fast
fast_path,90,77,SUCCESS,1,fast
fast_path,90,78,SUCCESS,1,fast
fast_path,90,79,SUCCESS,1,fast
fast_path,90,80,SUCCESS,1,fast
fast_path,90,81,SUCCESS,1,fast
fast_path,90,82,SUCCESS,1,fast
fast_path,90,83,SUCCESS,1,fast
fast_path,90,84,SUCCESS,1,fast
fast_path,90,85,SUCCESS,1,fast
fast_path,90,86,SUCCESS,1,fast
fast_path,90,87,SUCCESS,1,fast
fast_path,90,88,SUCCESS,1,fast
fast_path,90,89,SUCCESS,1,fast
fast_path,90,90,SUCCESS,1,fast
fast_path,90,91,SUCCESS,1,fast
fast_path,90,92,SUCCESS,1,fast
fast_path,90,93,SUCCESS,1,fast
fast_path,90,94,SUCCESS,1,fast
fast_path,90,95,SUCCESS,1,fast
fast_path,90,96,SUCCESS,1,fast
fast_path,90,97,SUCCESS,1,fast
fast_path,90,98,SUCCESS,1,fast
fast_path,90,99,SUCCESS,1,fast
fast_path,90,100,SUCCESS,1,fast
fast_path,95,1,SUCCESS,1,fast
fast_path,95,2,SUCCESS,1,fast
fast_path,95,3,SUCCESS,1,fast
fast_path,95,4,SUCCESS,1,fast
fast_path,95,5,SUCCESS,1,fast
fast_path,95,6,SUCCESS,1,fast
fast_path,95,7,SUCCESS,1,fast
fast_path,95,8,SUCCESS,1,fast
fast_path,95,9,SUCCESS,1,fast
fast_path,95,10,SUCCESS,1,fast
fast_path,95,11,SUCCESS,1,fast
fast_path,95,12,SUCCESS,1,fast
fast_path,95,13,SUCCESS,1,fast
fast_path,95,14,SUCCESS,1,fast
fast_path,95,15,SUCCESS,1,fast
fast_path,95,16,SUCCESS,1,fast
fast_path,95,17,SUCCESS,1,fast
fast_path,95,18,SUCCESS,1,fast
fast_path,95,19,SUCCESS,1,fast
fast_path,95,20,SUCCESS,1,fast
fast_path,95,21,SUCCESS,1,fast
fast_path,95,22,SUCCESS,1,fast
fast_path,95,23,SUCCESS,1,fast
fast_path,95,24,SUCCESS,1,fast
fast_path,95,25,SUCCESS,1,fast
fast_path,95,26,SUCCESS,1,fast
fast_path,95,27,SUCCESS,1,fast
fast_path,95,28,SUCCESS,1,fast
fast_path,95,29,SUCCESS,1,fast
fast_path,95,30,SUCCESS,1,fast
fast_path,95,31,SUCCESS,1,fast
fast_path,95,32,SUCCESS,1,fast
fast_path,95,33,SUCCESS,1,fast
fast_path,95,34,SUCCESS,1,fast
fast_path,95,35,SUCCESS,1,fast
fast_path,95,36,SUCCESS,1,fast
fast_path,95,37,SUCCESS,1,fast
fast_path,95,38,SUCCESS,1,fast
fast_path,95,39,SUCCESS,1,fast
fast_path,95,40,SUCCESS,1,fast
fast_path,95,41,SUCCESS,1,fast
fast_path,95,42,SUCCESS,1,fast
fast_path,95,43,SUCCESS,1,fast
fast_path,95,44,SUCCESS,1,fast
fast_path,95,45,SUCCESS,1,fast
fast_path,95,46,SUCCESS,1,fast
fast_path,95,47,SUCCESS,1,fast
fast_path,95,48,SUCCESS,1,fast
fast_path,95,49,SUCCESS,1,fast
fast_path,95,50,SUCCESS,1,fast
fast_path,95,51,SUCCESS,1,fast
fast_path,95,52,SUCCESS,1,fast
fast_path,95,53,SUCCESS,1,fast
fast_path,95,54,SUCCESS,1,fast
fast_path,95,55,SUCCESS,1,fast
fast_path,95,56,SUCCESS,1,fast
fast_path,95,57,SUCCESS,1,fast
fast_path,95,58,SUCCESS,1,fast
fast_path,95,59,SUCCESS,1,fast
fast_path,95,60,SUCCESS,1,fast
fast_path,95,61,SUCCESS,1,fast
fast_path,95,62,SUCCESS,1,fast
fast_path,95,63,SUCCESS,1,fast
fast_path,95,64,SUCCESS,1,fast
fast_path,95,65,SUCCESS,1,fast
fast_path,95,66,SUCCESS,1,fast
fast_path,95,67,SUCCESS,1,fast
fast_path,95,68,SUCCESS,1,fast
fast_path,95,69,SUCCESS,1,fast
fast_path,95,70,SUCCESS,1,fast
fast_path,95,71,SUCCESS,1,fast
fast_path,95,72,SUCCESS,1,fast
fast_path,95,73,SUCCESS,1,fast
fast_path,95,74,SUCCESS,1,fast
fast_path,95,75,SUCCESS,1,fast
fast_path,95,76,SUCCESS,1,fast
fast_path,95,77,SUCCESS,1,fast
fast_path,95,78,SUCCESS,1,fast
fast_path,95,79,SUCCESS,1,fast
fast_path,95,80,SUCCESS,1,fast
fast_path,95,81,SUCCESS,1,fast
fast_path,95,82,SUCCESS,1,fast
fast_path,95,83,SUCCESS,1,fast
fast_path,95,84,SUCCESS,1,fast
fast_path,95,85,SUCCESS,1,fast
fast_path,95,86,SUCCESS,1,fast
fast_path,95,87,SUCCESS,1,fast
fast_path,95,88,SUCCESS,1,fast
fast_path,95,89,SUCCESS,1,fast
fast_path,95,90,SUCCESS,1,fast
fast_path,95,91,SUCCESS,1,fast
fast_path,95,92,SUCCESS,1,fast
fast_path,95,93,SUCCESS,1,fast
fast_path,95,94,SUCCESS,1,fast
fast_path,95,95,SUCCESS,1,fast
fast_path,95,96,SUCCESS,1,fast
fast_path,95,97,SUCCESS,1,fast
fast_path,95,98,SUCCESS,1,fast
fast_path,95,99,SUCCESS,1,fast
fast_path,95,100,SUCCESS,1,fast
fast_path,100,1,SUCCESS,1,fast
fast_path,100,2,SUCCESS,1,fast
fast_path,100,3,SUCCESS,1,fast
fast_path,100,4,SUCCESS,1,fast
fast_path,100,5,SUCCESS,1,fast
fast_path,100,6,SUCCESS,1,fast
fast_path,100,7,SUCCESS,1,fast
fast_path,100,8,SUCCESS,1,fast
fast_path,100,9,SUCCESS,1,fast
fast_path,100,10,SUCCESS,1,fast
fast_path,100,11,SUCCESS,1,fast
fast_path,100,12,SUCCESS,1,fast
fast_path,100,13,SUCCESS,1,fast
fast_path,100,14,SUCCESS,1,fast
fast_path,100,15,SUCCESS,1,fast
fast_path,100,16,SUCCESS,1,fast
fast_path,100,17,SUCCESS,1,fast
fast_path,100,18,SUCCESS,1,fast
fast_path,100,19,SUCCESS,1,fast
fast_path,100,20,SUCCESS,1,fast
fast_path,100,21,SUCCESS,1,fast
fast_path,100,22,SUCCESS,1,fast
fast_path,100,23,SUCCESS,1,fast
fast_path,100,24,SUCCESS,1,fast
fast_path,100,25,SUCCESS,1,fast
fast_path,100,26,SUCCESS,1,fast
fast_path,100,27,SUCCESS,1,fast
fast_path,100,28,SUCCESS,1,fast
fast_path,100,29,SUCCESS,1,fast
fast_path,100,30,SUCCESS,1,fast
fast_path,100,31,SUCCESS,1,fast
fast_path,100,32,SUCCESS,1,fast
fast_path,100,33,SUCCESS,1,fast
fast_path,100,34,SUCCESS,1,fast
fast_path,100,35,SUCCESS,1,fast
fast_path,100,36,SUCCESS,1,fast
fast_path,100,37,SUCCESS,1,fast
fast_path,100,38,SUCCESS,1,fast
fast_path,100,39,SUCCESS,1,fast
fast_path,100,40,SUCCESS,1,fast
fast_path,100,41,SUCCESS,1,fast
fast_path,100,42,SUCCESS,1,fast
fast_path,100,43,SUCCESS,1,fast
fast_path,100,44,SUCCESS,1,fast
fast_path,100,45,SUCCESS,1,fast
fast_path,100,46,SUCCESS,1,fast
fast_path,100,47,SUCCESS,1,fast
fast_path,100,48,SUCCESS,1,fast
fast_path,100,49,SUCCESS,1,fast
fast_path,100,50,SUCCESS,1,fast
fast_path,100,51,SUCCESS,1,fast
fast_path,100,52,SUCCESS,1,fast
fast_path,100,53,SUCCESS,1,fast
fast_path,100,54,SUCCESS,1,fast
fast_path,100,55,SUCCESS,1,fast
fast_path,100,56,SUCCESS,1,fast
fast_path,100,57,SUCCESS,1,fast
fast_path,100,58,SUCCESS,1,fast
fast_path,100,59,SUCCESS,1,fast
fast_path,100,60,SUCCESS,1,fast
fast_path,100,61,SUCCESS,1,fast
fast_path,100,62,SUCCESS,1,fast
fast_path,100,63,SUCCESS,1,fast
fast_path,100,64,SUCCESS,1,fast
fast_path,100,65,SUCCESS,1,fast
fast_path,100,66,SUCCESS,1,fast
fast_path,100,67,SUCCESS,1,fast
fast_path,100,68,SUCCESS,1,fast
fast_path,100,69,SUCCESS,1,fast
fast_path,100,70,SUCCESS,1,fast
fast_path,100,71,SUCCESS,1,fast
fast_path,100,72,SUCCESS,1,fast
fast_path,100,73,SUCCESS,1,fast
fast_path,100,74,SUCCESS,1,fast
fast_path,100,75,SUCCESS,1,fast
fast_path,100,76,SUCCESS,1,fast
fast_path,100,77,SUCCESS,1,fast
fast_path,100,78,SUCCESS,1,fast
fast_path,100,79,SUCCESS,1,fast
fast_path,100,80,SUCCESS,1,fast
fast_path,100,81,SUCCESS,1,fast
fast_path,100,82,SUCCESS,1,fast
fast_path,100,83,SUCCESS,1,fast
fast_path,100,84,SUCCESS,1,fast
fast_path,100,85,SUCCESS,1,fast
fast_path,100,86,SUCCESS,1,fast
fast_path,100,87,SUCCESS,1,fast
fast_path,100,88,SUCCESS,1,fast
fast_path,100,89,SUCCESS,1,fast
fast_path,100,90,SUCCESS,1,fast
fast_path,100,91,SUCCESS,1,fast
fast_path,100,92,SUCCESS,1,fast
fast_path,100,93,SUCCESS,1,fast
fast_path,100,94,SUCCESS,1,fast
fast_path,100,95,SUCCESS,1,fast
fast_path,100,96,SUCCESS,1,fast
fast_path,100,97,SUCCESS,1,fast
fast_path,100,98,SUCCESS,1,fast
fast_path,100,99,SUCCESS,1,fast
fast_path,100,100,SUCCESS,1,fast
slow_path,60,1,SUCCESS,2,slow
slow_path,60,2,SUCCESS,2,slow
slow_path,60,3,SUCCESS,2,slow
slow_path,60,4,SUCCESS,2,slow
slow_path,60,5,SUCCESS,2,slow
slow_path,60,6,SUCCESS,2,slow
slow_path,60,7,SUCCESS,2,slow
slow_path,60,8,SUCCESS,2,slow
slow_path,60,9,SUCCESS,2,slow
slow_path,60,10,SUCCESS,2,slow
slow_path,60,11,SUCCESS,2,slow
slow_path,60,12,SUCCESS,2,slow
slow_path,60,13,SUCCESS,2,slow
slow_path,60,14,SUCCESS,2,slow
slow_path,60,15,SUCCESS,2,slow
slow_path,60,16,SUCCESS,2,slow
slow_path,60,17,SUCCESS,2,slow
slow_path,60,18,SUCCESS,2,slow
slow_path,60,19,SUCCESS,2,slow
slow_path,60,20,SUCCESS,2,slow
slow_path,60,21,SUCCESS,2,slow
slow_path,60,22,SUCCESS,2,slow
slow_path,60,23,SUCCESS,2,slow
slow_path,60,24,SUCCESS,2,slow
slow_path,60,25,SUCCESS,2,slow
slow_path,60,26,SUCCESS,2,slow
slow_path,60,27,SUCCESS,2,slow
slow_path,60,28,SUCCESS,2,slow
slow_path,60,29,SUCCESS,2,slow
slow_path,60,30,SUCCESS,2,slow
slow_path,60,31,SUCCESS,2,slow
slow_path,60,32,SUCCESS,2,slow
slow_path,60,33,SUCCESS,2,slow
slow_path,60,34,SUCCESS,2,slow
slow_path,60,35,SUCCESS,2,slow
slow_path,60,36,SUCCESS,2,slow
slow_path,60,37,SUCCESS,2,slow
slow_path,60,38,SUCCESS,2,slow
slow_path,60,39,SUCCESS,2,slow
slow_path,60,40,SUCCESS,2,slow
slow_path,60,41,SUCCESS,2,slow
slow_path,60,42,SUCCESS,2,slow
slow_path,60,43,SUCCESS,2,slow
slow_path,60,44,SUCCESS,2,slow
slow_path,60,45,SUCCESS,2,slow
slow_path,60,46,SUCCESS,2,slow
slow_path,60,47,SUCCESS,2,slow
slow_path,60,48,SUCCESS,2,slow
slow_path,60,49,SUCCESS,2,slow
slow_path,60,50,SUCCESS,2,slow
slow_path,60,51,SUCCESS,2,slow
slow_path,60,52,SUCCESS,2,slow
slow_path,60,53,SUCCESS,2,slow
slow_path,60,54,SUCCESS,2,slow
slow_path,60,55,SUCCESS,2,slow
slow_path,60,56,SUCCESS,2,slow
slow_path,60,57,SUCCESS,2,slow
slow_path,60,58,SUCCESS,2,slow
slow_path,60,59,SUCCESS,2,slow
slow_path,60,60,SUCCESS,2,slow
slow_path,60,61,SUCCESS,2,slow
slow_path,60,62,SUCCESS,2,slow
slow_path,60,63,SUCCESS,2,slow
slow_path,60,64,SUCCESS,2,slow
slow_path,60,65,SUCCESS,2,slow
slow_path,60,66,SUCCESS,2,slow
slow_path,60,67,SUCCESS,2,slow
slow_path,60,68,SUCCESS,2,slow
slow_path,60,69,SUCCESS,2,slow
slow_path,60,70,SUCCESS,2,slow
slow_path,60,71,SUCCESS,2,slow
slow_path,60,72,SUCCESS,2,slow
slow_path,60,73,SUCCESS,2,slow
slow_path,60,74,SUCCESS,2,slow
slow_path,60,75,SUCCESS,2,slow
slow_path,60,76,SUCCESS,2,slow
slow_path,60,77,SUCCESS,2,slow
slow_path,60,78,SUCCESS,2,slow
slow_path,60,79,SUCCESS,2,slow
slow_path,60,80,SUCCESS,2,slow
slow_path,60,81,SUCCESS,2,slow
slow_path,60,82,SUCCESS,2,slow
slow_path,60,83,SUCCESS,2,slow
slow_path,60,84,SUCCESS,2,slow
slow_path,60,85,SUCCESS,2,slow
slow_path,60,86,SUCCESS,2,slow
slow_path,60,87,SUCCESS,2,slow
slow_path,60,88,SUCCESS,2,slow
slow_path,60,89,SUCCESS,2,slow
slow_path,60,90,SUCCESS,2,slow
slow_path,60,91,SUCCESS,2,slow
slow_path,60,92,SUCCESS,2,slow
slow_path,60,93,SUCCESS,2,slow
slow_path,60,94,SUCCESS,2,slow
slow_path,60,95,SUCCESS,2,slow
slow_path,60,96,SUCCESS,2,slow
slow_path,60,97,SUCCESS,2,slow
slow_path,60,98,SUCCESS,2,slow
slow_path,60,99,SUCCESS,2,slow
slow_path,60,100,SUCCESS,2,slow
slow_path,65,1,SUCCESS,2,slow
slow_path,65,2,SUCCESS,2,slow
slow_path,65,3,SUCCESS,2,slow
slow_path,65,4,SUCCESS,2,slow
slow_path,65,5,SUCCESS,2,slow
slow_path,65,6,SUCCESS,2,slow
slow_path,65,7,SUCCESS,2,slow
slow_path,65,8,SUCCESS,2,slow
slow_path,65,9,SUCCESS,2,slow
slow_path,65,10,SUCCESS,2,slow
slow_path,65,11,SUCCESS,2,slow
slow_path,65,12,SUCCESS,2,slow
slow_path,65,13,SUCCESS,2,slow
slow_path,65,14,SUCCESS,2,slow
slow_path,65,15,SUCCESS,2,slow
slow_path,65,16,SUCCESS,2,slow
slow_path,65,17,SUCCESS,2,slow
slow_path,65,18,SUCCESS,2,slow
slow_path,65,19,SUCCESS,2,slow
slow_path,65,20,SUCCESS,2,slow
slow_path,65,21,SUCCESS,2,slow
slow_path,65,22,SUCCESS,2,slow
slow_path,65,23,SUCCESS,2,slow
slow_path,65,24,SUCCESS,2,slow
slow_path,65,25,SUCCESS,2,slow
slow_path,65,26,SUCCESS,2,slow
slow_path,65,27,SUCCESS,2,slow
slow_path,65,28,SUCCESS,2,slow
slow_path,65,29,SUCCESS,2,slow
slow_path,65,30,SUCCESS,2,slow
slow_path,65,31,SUCCESS,2,slow
slow_path,65,32,SUCCESS,2,slow
slow_path,65,33,SUCCESS,2,slow
slow_path,65,34,SUCCESS,2,slow
slow_path,65,35,SUCCESS,2,slow
slow_path,65,36,SUCCESS,2,slow
slow_path,65,37,SUCCESS,2,slow
slow_path,65,38,SUCCESS,2,slow
slow_path,65,39,SUCCESS,2,slow
slow_path,65,40,SUCCESS,2,slow
slow_path,65,41,SUCCESS,2,slow
slow_path,65,42,SUCCESS,2,slow
slow_path,65,43,SUCCESS,2,slow
slow_path,65,44,SUCCESS,2,slow
slow_path,65,45,SUCCESS,2,slow
slow_path,65,46,SUCCESS,2,slow
slow_path,65,47,SUCCESS,2,slow
slow_path,65,48,SUCCESS,2,slow
slow_path,65,49,SUCCESS,2,slow
slow_path,65,50,SUCCESS,2,slow
slow_path,65,51,SUCCESS,2,slow
slow_path,65,52,SUCCESS,2,slow
slow_path,65,53,SUCCESS,2,slow
slow_path,65,54,SUCCESS,2,slow
slow_path,65,55,SUCCESS,2,slow
slow_path,65,56,SUCCESS,2,slow
slow_path,65,57,SUCCESS,2,slow
slow_path,65,58,SUCCESS,2,slow
slow_path,65,59,SUCCESS,2,slow
slow_path,65,60,SUCCESS,2,slow
slow_path,65,61,SUCCESS,2,slow
slow_path,65,62,SUCCESS,2,slow
slow_path,65,63,SUCCESS,2,slow
slow_path,65,64,SUCCESS,2,slow
slow_path,65,65,SUCCESS,2,slow
slow_path,65,66,SUCCESS,2,slow
slow_path,65,67,SUCCESS,2,slow
slow_path,65,68,SUCCESS,2,slow
slow_path,65,69,SUCCESS,2,slow
slow_path,65,70,SUCCESS,2,slow
slow_path,65,71,SUCCESS,2,slow
slow_path,65,72,SUCCESS,2,slow
slow_path,65,73,SUCCESS,2,slow
slow_path,65,74,SUCCESS,2,slow
slow_path,65,75,SUCCESS,2,slow
slow_path,65,76,SUCCESS,2,slow
slow_path,65,77,SUCCESS,2,slow
slow_path,65,78,SUCCESS,2,slow
slow_path,65,79,SUCCESS,2,slow
slow_path,65,80,SUCCESS,2,slow
slow_path,65,81,SUCCESS,2,slow
slow_path,65,82,SUCCESS,2,slow
slow_path,65,83,SUCCESS,2,slow
slow_path,65,84,SUCCESS,2,slow
slow_path,65,85,SUCCESS,2,slow
slow_path,65,86,SUCCESS,2,slow
slow_path,65,87,SUCCESS,2,slow
slow_path,65,88,SUCCESS,2,slow
slow_path,65,89,SUCCESS,2,slow
slow_path,65,90,SUCCESS,2,slow
slow_path,65,91,SUCCESS,2,slow
slow_path,65,92,SUCCESS,2,slow
slow_path,65,93,SUCCESS,2,slow
slow_path,65,94,SUCCESS,2,slow
slow_path,65,95,SUCCESS,2,slow
slow_path,65,96,SUCCESS,2,slow
slow_path,65,97,SUCCESS,2,slow
slow_path,65,98,SUCCESS,2,slow
slow_path,65,99,SUCCESS,2,slow
slow_path,65,100,SUCCESS,2,slow
slow_path,70,1,SUCCESS,2,slow
slow_path,70,2,SUCCESS,2,slow
slow_path,70,3,SUCCESS,2,slow
slow_path,70,4,SUCCESS,2,slow
slow_path,70,5,SUCCESS,2,slow
slow_path,70,6,SUCCESS,2,slow
slow_path,70,7,SUCCESS,2,slow
slow_path,70,8,SUCCESS,2,slow
slow_path,70,9,SUCCESS,2,slow
slow_path,70,10,SUCCESS,2,slow
slow_path,70,11,SUCCESS,2,slow
slow_path,70,12,SUCCESS,2,slow
slow_path,70,13,SUCCESS,2,slow
slow_path,70,14,SUCCESS,2,slow
slow_path,70,15,SUCCESS,2,slow
slow_path,70,16,SUCCESS,2,slow
slow_path,70,17,SUCCESS,2,slow
slow_path,70,18,SUCCESS,2,slow
slow_path,70,19,SUCCESS,2,slow
slow_path,70,20,SUCCESS,2,slow
slow_path,70,21,SUCCESS,2,slow
slow_path,70,22,SUCCESS,2,slow
slow_path,70,23,SUCCESS,2,slow
slow_path,70,24,SUCCESS,2,slow
slow_path,70,25,SUCCESS,2,slow
slow_path,70,26,SUCCESS,2,slow
slow_path,70,27,SUCCESS,2,slow
slow_path,70,28,SUCCESS,2,slow
slow_path,70,29,SUCCESS,2,slow
slow_path,70,30,SUCCESS,2,slow
slow_path,70,31,SUCCESS,2,slow
slow_path,70,32,SUCCESS,2,slow
slow_path,70,33,SUCCESS,2,slow
slow_path,70,34,SUCCESS,2,slow
slow_path,70,35,SUCCESS,2,slow
slow_path,70,36,SUCCESS,2,slow
slow_path,70,37,SUCCESS,2,slow
slow_path,70,38,SUCCESS,2,slow
slow_path,70,39,SUCCESS,2,slow
slow_path,70,40,SUCCESS,2,slow
slow_path,70,41,SUCCESS,2,slow
slow_path,70,42,SUCCESS,2,slow
slow_path,70,43,SUCCESS,2,slow
slow_path,70,44,SUCCESS,2,slow
slow_path,70,45,SUCCESS,2,slow
slow_path,70,46,SUCCESS,2,slow
slow_path,70,47,SUCCESS,2,slow
slow_path,70,48,SUCCESS,2,slow
slow_path,70,49,SUCCESS,2,slow
slow_path,70,50,SUCCESS,2,slow
slow_path,70,51,SUCCESS,2,slow
slow_path,70,52,SUCCESS,2,slow
slow_path,70,53,SUCCESS,2,slow
slow_path,70,54,SUCCESS,2,slow
slow_path,70,55,SUCCESS,2,slow
slow_path,70,56,SUCCESS,2,slow
slow_path,70,57,SUCCESS,2,slow
slow_path,70,58,SUCCESS,2,slow
slow_path,70,59,SUCCESS,2,slow
slow_path,70,60,SUCCESS,2,slow
slow_path,70,61,SUCCESS,2,slow
slow_path,70,62,SUCCESS,2,slow
slow_path,70,63,SUCCESS,2,slow
slow_path,70,64,SUCCESS,2,slow
slow_path,70,65,SUCCESS,2,slow
slow_path,70,66,SUCCESS,2,slow
slow_path,70,67,SUCCESS,2,slow
slow_path,70,68,SUCCESS,2,slow
slow_path,70,69,SUCCESS,2,slow
slow_path,70,70,SUCCESS,2,slow
slow_path,70,71,SUCCESS,2,slow
slow_path,70,72,SUCCESS,2,slow
slow_path,70,73,SUCCESS,2,slow
slow_path,70,74,SUCCESS,2,slow
slow_path,70,75,SUCCESS,2,slow
slow_path,70,76,SUCCESS,2,slow
slow_path,70,77,SUCCESS,2,slow
slow_path,70,78,SUCCESS,2,slow
slow_path,70,79,SUCCESS,2,slow
slow_path,70,80,SUCCESS,2,slow
slow_path,70,81,SUCCESS,2,slow
slow_path,70,82,SUCCESS,2,slow
slow_path,70,83,SUCCESS,2,slow
slow_path,70,84,SUCCESS,2,slow
slow_path,70,85,SUCCESS,2,slow
slow_path,70,86,SUCCESS,2,slow
slow_path,70,87,SUCCESS,2,slow
slow_path,70,88,SUCCESS,2,slow
slow_path,70,89,SUCCESS,2,slow
slow_path,70,90,SUCCESS,2,slow
slow_path,70,91,SUCCESS,2,slow
slow_path,70,92,SUCCESS,2,slow
slow_path,70,93,SUCCESS,2,slow
slow_path,70,94,SUCCESS,2,slow
slow_path,70,95,SUCCESS,2,slow
slow_path,70,96,SUCCESS,2,slow
slow_path,70,97,SUCCESS,2,slow
slow_path,70,98,SUCCESS,2,slow
slow_path,70,99,SUCCESS,2,slow
slow_path,70,100,SUCCESS,2,slow
slow_path,75,1,SUCCESS,2,slow
slow_path,75,2,SUCCESS,2,slow
slow_path,75,3,SUCCESS,2,slow
slow_path,75,4,SUCCESS,2,slow
slow_path,75,5,SUCCESS,2,slow
slow_path,75,6,SUCCESS,2,slow
slow_path,75,7,SUCCESS,2,slow
slow_path,75,8,SUCCESS,2,slow
slow_path,75,9,SUCCESS,2,slow
slow_path,75,10,SUCCESS,2,slow
slow_path,75,11,SUCCESS,2,slow
slow_path,75,12,SUCCESS,2,slow
slow_path,75,13,SUCCESS,2,slow
slow_path,75,14,SUCCESS,2,slow
slow_path,75,15,SUCCESS,2,slow
slow_path,75,16,SUCCESS,2,slow
slow_path,75,17,SUCCESS,2,slow
slow_path,75,18,SUCCESS,2,slow
slow_path,75,19,SUCCESS,2,slow
slow_path,75,20,SUCCESS,2,slow
slow_path,75,21,SUCCESS,2,slow
slow_path,75,22,SUCCESS,2,slow
slow_path,75,23,SUCCESS,2,slow
slow_path,75,24,SUCCESS,2,slow
slow_path,75,25,SUCCESS,2,slow
slow_path,75,26,SUCCESS,2,slow
slow_path,75,27,SUCCESS,2,slow
slow_path,75,28,SUCCESS,2,slow
slow_path,75,29,SUCCESS,2,slow
slow_path,75,30,SUCCESS,2,slow
slow_path,75,31,SUCCESS,2,slow
slow_path,75,32,SUCCESS,2,slow
slow_path,75,33,SUCCESS,2,slow
slow_path,75,34,SUCCESS,2,slow
slow_path,75,35,SUCCESS,2,slow
slow_path,75,36,SUCCESS,2,slow
slow_path,75,37,SUCCESS,2,slow
slow_path,75,38,SUCCESS,2,slow
slow_path,75,39,SUCCESS,2,slow
slow_path,75,40,SUCCESS,2,slow
slow_path,75,41,SUCCESS,2,slow
slow_path,75,42,SUCCESS,2,slow
slow_path,75,43,SUCCESS,2,slow
slow_path,75,44,SUCCESS,2,slow
slow_path,75,45,SUCCESS,2,slow
slow_path,75,46,SUCCESS,2,slow
slow_path,75,47,SUCCESS,2,slow
slow_path,75,48,SUCCESS,2,slow
slow_path,75,49,SUCCESS,2,slow
slow_path,75,50,SUCCESS,2,slow
slow_path,75,51,SUCCESS,2,slow
slow_path,75,52,SUCCESS,2,slow
slow_path,75,53,SUCCESS,2,slow
slow_path,75,54,SUCCESS,2,slow
slow_path,75,55,SUCCESS,2,slow
slow_path,75,56,SUCCESS,2,slow
slow_path,75,57,SUCCESS,2,slow
slow_path,75,58,SUCCESS,2,slow
slow_path,75,59,SUCCESS,2,slow
slow_path,75,60,SUCCESS,2,slow
slow_path,75,61,SUCCESS,2,slow
slow_path,75,62,SUCCESS,2,slow
slow_path,75,63,SUCCESS,2,slow
slow_path,75,64,SUCCESS,2,slow
slow_path,75,65,SUCCESS,2,slow
slow_path,75,66,SUCCESS,2,slow
slow_path,75,67,SUCCESS,2,slow
slow_path,75,68,SUCCESS,2,slow
slow_path,75,69,SUCCESS,2,slow
slow_path,75,70,SUCCESS,2,slow
slow_path,75,71,SUCCESS,2,slow
slow_path,75,72,SUCCESS,2,slow
slow_path,75,73,SUCCESS,2,slow
slow_path,75,74,SUCCESS,2,slow
slow_path,75,75,SUCCESS,2,slow
slow_path,75,76,SUCCESS,2,slow
slow_path,75,77,SUCCESS,2,slow
slow_path,75,78,SUCCESS,2,slow
slow_path,75,79,SUCCESS,2,slow
slow_path,75,80,SUCCESS,2,slow
slow_path,75,81,SUCCESS,2,slow
slow_path,75,82,SUCCESS,2,slow
slow_path,75,83,SUCCESS,2,slow
slow_path,75,84,SUCCESS,2,slow
slow_path,75,85,SUCCESS,2,slow
slow_path,75,86,SUCCESS,2,slow
slow_path,75,87,SUCCESS,2,slow
slow_path,75,88,SUCCESS,2,slow
slow_path,75,89,SUCCESS,2,slow
slow_path,75,90,SUCCESS,2,slow
slow_path,75,91,SUCCESS,2,slow
slow_path,75,92,SUCCESS,2,slow
slow_path,75,93,SUCCESS,2,slow
slow_path,75,94,SUCCESS,2,slow
slow_path,75,95,SUCCESS,2,slow
slow_path,75,96,SUCCESS,2,slow
slow_path,75,97,SUCCESS,2,slow
slow_path,75,98,SUCCESS,2,slow
slow_path,75,99,SUCCESS,2,slow
slow_path,75,100,SUCCESS,2,slow
slow_path,80,1,SUCCESS,2,slow
slow_path,80,2,SUCCESS,2,slow
slow_path,80,3,SUCCESS,2,slow
slow_path,80,4,SUCCESS,2,slow
slow_path,80,5,SUCCESS,2,slow
slow_path,80,6,SUCCESS,2,slow
slow_path,80,7,SUCCESS,2,slow
slow_path,80,8,SUCCESS,2,slow
slow_path,80,9,SUCCESS,2,slow
slow_path,80,10,SUCCESS,2,slow
slow_path,80,11,SUCCESS,2,slow
slow_path,80,12,SUCCESS,2,slow
slow_path,80,13,SUCCESS,2,slow
slow_path,80,14,SUCCESS,2,slow
slow_path,80,15,SUCCESS,2,slow
slow_path,80,16,SUCCESS,2,slow
slow_path,80,17,SUCCESS,2,slow
slow_path,80,18,SUCCESS,2,slow
slow_path,80,19,SUCCESS,2,slow
slow_path,80,20,SUCCESS,2,slow
slow_path,80,21,SUCCESS,2,slow
slow_path,80,22,SUCCESS,2,slow
slow_path,80,23,SUCCESS,2,slow
slow_path,80,24,SUCCESS,2,slow
slow_path,80,25,SUCCESS,2,slow
slow_path,80,26,SUCCESS,2,slow
slow_path,80,27,SUCCESS,2,slow
slow_path,80,28,SUCCESS,2,slow
slow_path,80,29,SUCCESS,2,slow
slow_path,80,30,SUCCESS,2,slow
slow_path,80,31,SUCCESS,2,slow
slow_path,80,32,SUCCESS,2,slow
slow_path,80,33,SUCCESS,2,slow
slow_path,80,34,SUCCESS,2,slow
slow_path,80,35,SUCCESS,2,slow
slow_path,80,36,SUCCESS,2,slow
slow_path,80,37,SUCCESS,2,slow
slow_path,80,38,SUCCESS,2,slow
slow_path,80,39,SUCCESS,2,slow
slow_path,80,40,SUCCESS,2,slow
slow_path,80,41,SUCCESS,2,slow
slow_path,80,42,SUCCESS,2,slow
slow_path,80,43,SUCCESS,2,slow
slow_path,80,44,SUCCESS,2,slow
slow_path,80,45,SUCCESS,2,slow
slow_path,80,46,SUCCESS,2,slow
slow_path,80,47,SUCCESS,2,slow
slow_path,80,48,SUCCESS,2,slow
slow_path,80,49,SUCCESS,2,slow
slow_path,80,50,SUCCESS,2,slow
slow_path,80,51,SUCCESS,2,slow
slow_path,80,52,SUCCESS,2,slow
slow_path,80,53,SUCCESS,2,slow
slow_path,80,54,SUCCESS,2,slow
slow_path,80,55,SUCCESS,2,slow
slow_path,80,56,SUCCESS,2,slow
slow_path,80,57,SUCCESS,2,slow
slow_path,80,58,SUCCESS,2,slow
slow_path,80,59,SUCCESS,2,slow
slow_path,80,60,SUCCESS,2,slow
slow_path,80,61,SUCCESS,2,slow
slow_path,80,62,SUCCESS,2,slow
slow_path,80,63,SUCCESS,2,slow
slow_path,80,64,SUCCESS,2,slow
slow_path,80,65,SUCCESS,2,slow
slow_path,80,66,SUCCESS,2,slow
slow_path,80,67,SUCCESS,2,slow
slow_path,80,68,SUCCESS,2,slow
slow_path,80,69,SUCCESS,2,slow
slow_path,80,70,SUCCESS,2,slow
slow_path,80,71,SUCCESS,2,slow
slow_path,80,72,SUCCESS,2,slow
slow_path,80,73,SUCCESS,2,slow
slow_path,80,74,SUCCESS,2,slow
slow_path,80,75,SUCCESS,2,slow
slow_path,80,76,SUCCESS,2,slow
slow_path,80,77,SUCCESS,2,slow
slow_path,80,78,SUCCESS,2,slow
slow_path,80,79,SUCCESS,2,slow
slow_path,80,80,SUCCESS,2,slow
slow_path,80,81,SUCCESS,2,slow
slow_path,80,82,SUCCESS,2,slow
slow_path,80,83,SUCCESS,2,slow
slow_path,80,84,SUCCESS,2,slow
slow_path,80,85,SUCCESS,2,slow
slow_path,80,86,SUCCESS,2,slow
slow_path,80,87,SUCCESS,2,slow
slow_path,80,88,SUCCESS,2,slow
slow_path,80,89,SUCCESS,2,slow
slow_path,80,90,SUCCESS,2,slow
slow_path,80,91,SUCCESS,2,slow
slow_path,80,92,SUCCESS,2,slow
slow_path,80,93,SUCCESS,2,slow
slow_path,80,94,SUCCESS,2,slow
slow_path,80,95,SUCCESS,2,slow
slow_path,80,96,SUCCESS,2,slow
slow_path,80,97,SUCCESS,2,slow
slow_path,80,98,SUCCESS,2,slow
slow_path,80,99,SUCCESS,2,slow
slow_path,80,100,SUCCESS,2,slow
bounded,100,1,FAILURE,-1,unknown
bounded,100,2,FAILURE,-1,unknown
bounded,100,3,FAILURE,-1,unknown
bounded,100,4,FAILURE,-1,unknown
bounded,100,5,FAILURE,-1,unknown
bounded,100,6,FAILURE,-1,unknown
bounded,100,7,FAILURE,-1,unknown
bounded,100,8,FAILURE,-1,unknown
bounded,100,9,FAILURE,-1,unknown
bounded,100,10,FAILURE,-1,unknown
bounded,100,11,FAILURE,-1,unknown
bounded,100,12,FAILURE,-1,unknown
bounded,100,13,FAILURE,-1,unknown
bounded,100,14,FAILURE,-1,unknown
bounded,100,15,FAILURE,-1,unknown
bounded,100,16,FAILURE,-1,unknown
bounded,100,17,FAILURE,-1,unknown
bounded,100,18,FAILURE,-1,unknown
bounded,100,19,FAILURE,-1,unknown
bounded,100,20,FAILURE,-1,unknown
bounded,100,21,FAILURE,-1,unknown
bounded,100,22,FAILURE,-1,unknown
bounded,100,23,FAILURE,-1,unknown
bounded,100,24,FAILURE,-1,unknown
bounded,100,25,FAILURE,-1,unknown
bounded,100,26,FAILURE,-1,unknown
bounded,100,27,FAILURE,-1,unknown
bounded,100,28,FAILURE,-1,unknown
bounded,100,29,FAILURE,-1,unknown
bounded,100,30,FAILURE,-1,unknown
bounded,100,31,FAILURE,-1,unknown
bounded,100,32,FAILURE,-1,unknown
bounded,100,33,FAILURE,-1,unknown
bounded,100,34,FAILURE,-1,unknown
bounded,100,35,FAILURE,-1,unknown
bounded,100,36,FAILURE,-1,unknown
bounded,100,37,FAILURE,-1,unknown
bounded,100,38,FAILURE,-1,unknown
bounded,100,39,FAILURE,-1,unknown
bounded,100,40,FAILURE,-1,unknown
bounded,100,41,FAILURE,-1,unknown
bounded,100,42,FAILURE,-1,unknown
bounded,100,43,FAILURE,-1,unknown
bounded,100,44,FAILURE,-1,unknown
bounded,100,45,FAILURE,-1,unknown
bounded,100,46,FAILURE,-1,unknown
bounded,100,47,FAILURE,-1,unknown
bounded,100,48,FAILURE,-1,unknown
bounded,100,49,FAILURE,-1,unknown
bounded,100,50,FAILURE,-1,unknown
network_delay,80,1,SUCCESS,1,fast
network_delay,80,2,SUCCESS,1,fast
network_delay,80,3,SUCCESS,1,fast
network_delay,80,4,SUCCESS,1,fast
network_delay,80,5,SUCCESS,1,fast
network_delay,80,6,SUCCESS,1,fast
network_delay,80,7,SUCCESS,1,fast
network_delay,80,8,SUCCESS,1,fast
network_delay,80,9,SUCCESS,1,fast
network_delay,80,10,SUCCESS,1,fast
network_delay,80,11,SUCCESS,1,fast
network_delay,80,12,SUCCESS,1,fast
network_delay,80,13,SUCCESS,1,fast
network_delay,80,14,SUCCESS,1,fast
network_delay,80,15,SUCCESS,1,fast
network_delay,80,16,SUCCESS,1,fast
network_delay,80,17,SUCCESS,1,fast
network_delay,80,18,SUCCESS,1,fast
network_delay,80,19,SUCCESS,1,fast
network_delay,80,20,SUCCESS,1,fast
network_delay,80,21,SUCCESS,1,fast
network_delay,80,22,SUCCESS,1,fast
network_delay,80,23,SUCCESS,1,fast
network_delay,80,24,SUCCESS,1,fast
network_delay,80,25,SUCCESS,1,fast
network_delay,80,26,SUCCESS,1,fast
network_delay,80,27,SUCCESS,1,fast
network_delay,80,28,SUCCESS,1,fast
network_delay,80,29,SUCCESS,1,fast
network_delay,80,30,SUCCESS,1,fast
network_delay,80,1,SUCCESS,1,fast
network_delay,80,2,SUCCESS,1,fast
network_delay,80,3,SUCCESS,1,fast
network_delay,80,4,SUCCESS,1,fast
network_delay,80,5,SUCCESS,1,fast
network_delay,80,6,SUCCESS,1,fast
network_delay,80,7,SUCCESS,1,fast
network_delay,80,8,SUCCESS,1,fast
network_delay,80,9,SUCCESS,1,fast
network_delay,80,10,SUCCESS,1,fast
network_delay,80,11,SUCCESS,1,fast
network_delay,80,12,SUCCESS,1,fast
network_delay,80,13,SUCCESS,1,fast
network_delay,80,14,SUCCESS,1,fast
network_delay,80,15,SUCCESS,1,fast
network_delay,80,16,SUCCESS,1,fast
network_delay,80,17,SUCCESS,1,fast
network_delay,80,18,SUCCESS,1,fast
network_delay,80,19,SUCCESS,1,fast
network_delay,80,20,SUCCESS,1,fast
network_delay,80,21,SUCCESS,1,fast
network_delay,80,22,SUCCESS,1,fast
network_delay,80,23,SUCCESS,1,fast
network_delay,80,24,SUCCESS,1,fast
network_delay,80,25,SUCCESS,1,fast
network_delay,80,26,SUCCESS,1,fast
network_delay,80,27,SUCCESS,1,fast
network_delay,80,28,SUCCESS,1,fast
network_delay,80,29,SUCCESS,1,fast
network_delay,80,30,SUCCESS,1,fast
network_delay,80,1,SUCCESS,1,fast
network_delay,80,2,SUCCESS,1,fast
network_delay,80,3,SUCCESS,1,fast
network_delay,80,4,SUCCESS,1,fast
network_delay,80,5,SUCCESS,1,fast
network_delay,80,6,SUCCESS,1,fast
network_delay,80,7,SUCCESS,1,fast
network_delay,80,8,SUCCESS,1,fast
network_delay,80,9,SUCCESS,1,fast
network_delay,80,10,SUCCESS,1,fast
network_delay,80,11,SUCCESS,1,fast
network_delay,80,12,SUCCESS,1,fast
network_delay,80,13,SUCCESS,1,fast
network_delay,80,14,SUCCESS,1,fast
network_delay,80,15,SUCCESS,1,fast
network_delay,80,16,SUCCESS,1,fast
network_delay,80,17,SUCCESS,1,fast
network_delay,80,18,SUCCESS,1,fast
network_delay,80,19,SUCCESS,1,fast
network_delay,80,20,SUCCESS,1,fast
network_delay,80,21,SUCCESS,1,fast
network_delay,80,22,SUCCESS,1,fast
network_delay,80,23,SUCCESS,1,fast
network_delay,80,24,SUCCESS,1,fast
network_delay,80,25,SUCCESS,1,fast
network_delay,80,26,SUCCESS,1,fast
network_delay,80,27,SUCCESS,1,fast
network_delay,80,28,SUCCESS,1,fast
network_delay,80,29,SUCCESS,1,fast
network_delay,80,30,SUCCESS,1,fast
network_delay,80,1,SUCCESS,1,fast
network_delay,80,2,SUCCESS,1,fast
network_delay,80,3,SUCCESS,1,fast
network_delay,80,4,SUCCESS,1,fast
network_delay,80,5,SUCCESS,1,fast
network_delay,80,6,SUCCESS,1,fast
network_delay,80,7,SUCCESS,1,fast
network_delay,80,8,SUCCESS,1,fast
network_delay,80,9,SUCCESS,1,fast
network_delay,80,10,SUCCESS,1,fast
network_delay,80,11,SUCCESS,1,fast
network_delay,80,12,SUCCESS,1,fast
network_delay,80,13,SUCCESS,1,fast
network_delay,80,14,SUCCESS,1,fast
network_delay,80,15,SUCCESS,1,fast
network_delay,80,16,SUCCESS,1,fast
network_delay,80,17,SUCCESS,1,fast
network_delay,80,18,SUCCESS,1,fast
network_delay,80,19,SUCCESS,1,fast
network_delay,80,20,SUCCESS,1,fast
network_delay,80,21,SUCCESS,1,fast
network_delay,80,22,SUCCESS,1,fast
network_delay,80,23,SUCCESS,1,fast
network_delay,80,24,SUCCESS,1,fast
network_delay,80,25,SUCCESS,1,fast
network_delay,80,26,SUCCESS,1,fast
network_delay,80,27,SUCCESS,1,fast
network_delay,80,28,SUCCESS,1,fast
network_delay,80,29,SUCCESS,1,fast
network_delay,80,30,SUCCESS,1,fast
network_delay,80,1,SUCCESS,1,fast
network_delay,80,2,SUCCESS,1,fast
network_delay,80,3,SUCCESS,1,fast
network_delay,80,4,SUCCESS,1,fast
network_delay,80,5,SUCCESS,1,fast
network_delay,80,6,SUCCESS,1,fast
network_delay,80,7,SUCCESS,1,fast
network_delay,80,8,SUCCESS,1,fast
network_delay,80,9,SUCCESS,1,fast
network_delay,80,10,SUCCESS,1,fast
network_delay,80,11,SUCCESS,1,fast
network_delay,80,12,SUCCESS,1,fast
network_delay,80,13,SUCCESS,1,fast
network_delay,80,14,SUCCESS,1,fast
network_delay,80,15,SUCCESS,1,fast
network_delay,80,16,SUCCESS,1,fast
network_delay,80,17,SUCCESS,1,fast
network_delay,80,18,SUCCESS,1,fast
network_delay,80,19,SUCCESS,1,fast
network_delay,80,20,SUCCESS,1,fast
network_delay,80,21,SUCCESS,1,fast
network_delay,80,22,SUCCESS,1,fast
network_delay,80,23,SUCCESS,1,fast
network_delay,80,24,SUCCESS,1,fast
network_delay,80,25,SUCCESS,1,fast
network_delay,80,26,SUCCESS,1,fast
network_delay,80,27,SUCCESS,1,fast
network_delay,80,28,SUCCESS,1,fast
network_delay,80,29,SUCCESS,1,fast
network_delay,80,30,SUCCESS,1,fast
concurrent,80,1,SUCCESS,1,fast
concurrent,80,2,SUCCESS,1,fast
concurrent,80,3,SUCCESS,1,fast
concurrent,80,4,SUCCESS,1,fast
concurrent,80,5,SUCCESS,1,fast
concurrent,80,6,SUCCESS,1,fast
concurrent,80,7,SUCCESS,1,fast
concurrent,80,8,SUCCESS,1,fast
concurrent,80,9,SUCCESS,1,fast
concurrent,80,10,SUCCESS,1,fast
concurrent,80,11,SUCCESS,1,fast
concurrent,80,12,SUCCESS,1,fast
concurrent,80,13,SUCCESS,1,fast
concurrent,80,14,SUCCESS,1,fast
concurrent,80,15,SUCCESS,1,fast
concurrent,80,16,SUCCESS,1,fast
concurrent,80,17,SUCCESS,1,fast
concurrent,80,18,SUCCESS,1,fast
concurrent,80,19,SUCCESS,1,fast
concurrent,80,20,SUCCESS,1,fast
concurrent,80,21,SUCCESS,1,fast
concurrent,80,22,SUCCESS,1,fast
concurrent,80,23,SUCCESS,1,fast
concurrent,80,24,SUCCESS,1,fast
concurrent,80,25,SUCCESS,1,fast
concurrent,80,26,SUCCESS,1,fast
concurrent,80,27,SUCCESS,1,fast
concurrent,80,28,SUCCESS,1,fast
concurrent,80,29,SUCCESS,1,fast
concurrent,80,30,SUCCESS,1,fast
partial_network,10,1,SUCCESS,1,fast
partial_network,10,2,SUCCESS,1,fast
partial_network,10,3,SUCCESS,1,fast
partial_network,10,4,SUCCESS,1,fast
partial_network,10,5,SUCCESS,1,fast
partial_network,10,6,SUCCESS,1,fast
partial_network,10,7,SUCCESS,1,fast
partial_network,10,8,SUCCESS,1,fast
partial_network,10,9,SUCCESS,1,fast
partial_network,10,10,SUCCESS,1,fast
partial_network,10,11,SUCCESS,1,fast
partial_network,10,12,SUCCESS,1,fast
partial_network,10,13,SUCCESS,1,fast
partial_network,10,14,SUCCESS,1,fast
partial_network,10,15,SUCCESS,1,fast
partial_network,10,16,SUCCESS,1,fast
partial_network,10,17,SUCCESS,1,fast
partial_network,10,18,SUCCESS,1,fast
partial_network,10,19,SUCCESS,1,fast
partial_network,10,20,SUCCESS,1,fast
partial_network,10,21,SUCCESS,1,fast
partial_network,10,22,SUCCESS,1,fast
partial_network,10,23,SUCCESS,1,fast
partial_network,10,24,SUCCESS,1,fast
partial_network,10,25,SUCCESS,1,fast
partial_network,10,26,SUCCESS,1,fast
partial_network,10,27,SUCCESS,1,fast
partial_network,10,28,SUCCESS,1,fast
partial_network,10,29,SUCCESS,1,fast
partial_network,10,30,SUCCESS,1,fast
partial_network,20,1,SUCCESS,1,fast
partial_network,20,2,SUCCESS,1,fast
partial_network,20,3,SUCCESS,1,fast
partial_network,20,4,SUCCESS,1,fast
partial_network,20,5,SUCCESS,1,fast
partial_network,20,6,SUCCESS,1,fast
partial_network,20,7,SUCCESS,1,fast
partial_network,20,8,SUCCESS,1,fast
partial_network,20,9,SUCCESS,1,fast
partial_network,20,10,SUCCESS,1,fast
partial_network,20,11,SUCCESS,1,fast
partial_network,20,12,SUCCESS,1,fast
partial_network,20,13,SUCCESS,1,fast
partial_network,20,14,SUCCESS,1,fast
partial_network,20,15,SUCCESS,1,fast
partial_network,20,16,SUCCESS,1,fast
partial_network,20,17,SUCCESS,1,fast
partial_network,20,18,SUCCESS,1,fast
partial_network,20,19,SUCCESS,1,fast
partial_network,20,20,SUCCESS,1,fast
partial_network,20,21,SUCCESS,1,fast
partial_network,20,22,SUCCESS,1,fast
partial_network,20,23,SUCCESS,1,fast
partial_network,20,24,SUCCESS,1,fast
partial_network,20,25,SUCCESS,1,fast
partial_network,20,26,SUCCESS,1,fast
partial_network,20,27,SUCCESS,1,fast
partial_network,20,28,SUCCESS,1,fast
partial_network,20,29,SUCCESS,1,fast
partial_network,20,30,SUCCESS,1,fast
partial_network,30,1,SUCCESS,1,fast
partial_network,30,2,SUCCESS,1,fast
partial_network,30,3,SUCCESS,1,fast
partial_network,30,4,SUCCESS,1,fast
partial_network,30,5,SUCCESS,1,fast
partial_network,30,6,SUCCESS,1,fast
partial_network,30,7,SUCCESS,1,fast
partial_network,30,8,SUCCESS,1,fast
partial_network,30,9,SUCCESS,1,fast
partial_network,30,10,SUCCESS,1,fast
partial_network,30,11,SUCCESS,1,fast
partial_network,30,12,SUCCESS,1,fast
partial_network,30,13,SUCCESS,1,fast
partial_network,30,14,SUCCESS,1,fast
partial_network,30,15,SUCCESS,1,fast
partial_network,30,16,SUCCESS,1,fast
partial_network,30,17,SUCCESS,1,fast
partial_network,30,18,SUCCESS,1,fast
partial_network,30,19,SUCCESS,1,fast
partial_network,30,20,SUCCESS,1,fast
partial_network,30,21,SUCCESS,1,fast
partial_network,30,22,SUCCESS,1,fast
partial_network,30,23,SUCCESS,1,fast
partial_network,30,24,SUCCESS,1,fast
partial_network,30,25,SUCCESS,1,fast
partial_network,30,26,SUCCESS,1,fast
partial_network,30,27,SUCCESS,1,fast
partial_network,30,28,SUCCESS,1,fast
partial_network,30,29,SUCCESS,1,fast
partial_network,30,30,SUCCESS,1,fast
partial_network,40,1,SUCCESS,1,fast
partial_network,40,2,SUCCESS,1,fast
partial_network,40,3,SUCCESS,1,fast
partial_network,40,4,SUCCESS,1,fast
partial_network,40,5,SUCCESS,1,fast
partial_network,40,6,SUCCESS,1,fast
partial_network,40,7,SUCCESS,1,fast
partial_network,40,8,SUCCESS,1,fast
partial_network,40,9,SUCCESS,1,fast
partial_network,40,10,SUCCESS,1,fast
partial_network,40,11,SUCCESS,1,fast
partial_network,40,12,SUCCESS,1,fast
partial_network,40,13,SUCCESS,1,fast
partial_network,40,14,SUCCESS,1,fast
partial_network,40,15,SUCCESS,1,fast
partial_network,40,16,SUCCESS,1,fast
partial_network,40,17,SUCCESS,1,fast
partial_network,40,18,SUCCESS,1,fast
partial_network,40,19,SUCCESS,1,fast
partial_network,40,20,SUCCESS,1,fast
partial_network,40,21,SUCCESS,1,fast
partial_network,40,22,SUCCESS,1,fast
partial_network,40,23,SUCCESS,1,fast
partial_network,40,24,SUCCESS,1,fast
partial_network,40,25,SUCCESS,1,fast
partial_network,40,26,SUCCESS,1,fast
partial_network,40,27,SUCCESS,1,fast
partial_network,40,28,SUCCESS,1,fast
partial_network,40,29,SUCCESS,1,fast
partial_network,40,30,SUCCESS,1,fast
