Test_Type,Timeout_MS,Test_Run,Result,Details
basic,50,1,SUCCESS,Valid timeout handling
basic,50,2,SUCCESS,Valid timeout handling
basic,50,3,SUCCESS,Valid timeout handling
basic,50,4,SUCCESS,Valid timeout handling
basic,50,5,SUCCESS,Valid timeout handling
basic,50,6,SUCCESS,Valid timeout handling
basic,50,7,SUCCESS,Valid timeout handling
basic,50,8,SUCCESS,Valid timeout handling
basic,50,9,SUCCESS,Valid timeout handling
basic,50,10,SUCCESS,Valid timeout handling
basic,50,11,SUCCESS,Valid timeout handling
basic,50,12,SUCCESS,Valid timeout handling
basic,50,13,SUCCESS,Valid timeout handling
basic,50,14,SUCCESS,Valid timeout handling
basic,50,15,SUCCESS,Valid timeout handling
basic,50,16,SUCCESS,Valid timeout handling
basic,50,17,SUCCESS,Valid timeout handling
basic,50,18,SUCCESS,Valid timeout handling
basic,50,19,SUCCESS,Valid timeout handling
basic,50,20,SUCCESS,Valid timeout handling
basic,50,21,SUCCESS,Valid timeout handling
basic,50,22,SUCCESS,Valid timeout handling
basic,50,23,SUCCESS,Valid timeout handling
basic,50,24,SUCCESS,Valid timeout handling
basic,50,25,SUCCESS,Valid timeout handling
basic,50,26,SUCCESS,Valid timeout handling
basic,50,27,SUCCESS,Valid timeout handling
basic,50,28,SUCCESS,Valid timeout handling
basic,50,29,SUCCESS,Valid timeout handling
basic,50,30,SUCCESS,Valid timeout handling
basic,100,1,SUCCESS,Valid timeout handling
basic,100,2,SUCCESS,Valid timeout handling
basic,100,3,SUCCESS,Valid timeout handling
basic,100,4,SUCCESS,Valid timeout handling
basic,100,5,SUCCESS,Valid timeout handling
basic,100,6,SUCCESS,Valid timeout handling
basic,100,7,SUCCESS,Valid timeout handling
basic,100,8,SUCCESS,Valid timeout handling
basic,100,9,SUCCESS,Valid timeout handling
basic,100,10,SUCCESS,Valid timeout handling
basic,100,11,SUCCESS,Valid timeout handling
basic,100,12,SUCCESS,Valid timeout handling
basic,100,13,SUCCESS,Valid timeout handling
basic,100,14,SUCCESS,Valid timeout handling
basic,100,15,SUCCESS,Valid timeout handling
basic,100,16,SUCCESS,Valid timeout handling
basic,100,17,SUCCESS,Valid timeout handling
basic,100,18,SUCCESS,Valid timeout handling
basic,100,19,SUCCESS,Valid timeout handling
basic,100,20,SUCCESS,Valid timeout handling
basic,100,21,SUCCESS,Valid timeout handling
basic,100,22,SUCCESS,Valid timeout handling
basic,100,23,SUCCESS,Valid timeout handling
basic,100,24,SUCCESS,Valid timeout handling
basic,100,25,SUCCESS,Valid timeout handling
basic,100,26,SUCCESS,Valid timeout handling
basic,100,27,SUCCESS,Valid timeout handling
basic,100,28,SUCCESS,Valid timeout handling
basic,100,29,SUCCESS,Valid timeout handling
basic,100,30,SUCCESS,Valid timeout handling
basic,150,1,SUCCESS,Valid timeout handling
basic,150,2,SUCCESS,Valid timeout handling
basic,150,3,SUCCESS,Valid timeout handling
basic,150,4,SUCCESS,Valid timeout handling
basic,150,5,SUCCESS,Valid timeout handling
basic,150,6,SUCCESS,Valid timeout handling
basic,150,7,SUCCESS,Valid timeout handling
basic,150,8,SUCCESS,Valid timeout handling
basic,150,9,SUCCESS,Valid timeout handling
basic,150,10,SUCCESS,Valid timeout handling
basic,150,11,SUCCESS,Valid timeout handling
basic,150,12,SUCCESS,Valid timeout handling
basic,150,13,SUCCESS,Valid timeout handling
basic,150,14,SUCCESS,Valid timeout handling
basic,150,15,SUCCESS,Valid timeout handling
basic,150,16,SUCCESS,Valid timeout handling
basic,150,17,SUCCESS,Valid timeout handling
basic,150,18,SUCCESS,Valid timeout handling
basic,150,19,SUCCESS,Valid timeout handling
basic,150,20,SUCCESS,Valid timeout handling
basic,150,21,SUCCESS,Valid timeout handling
basic,150,22,SUCCESS,Valid timeout handling
basic,150,23,SUCCESS,Valid timeout handling
basic,150,24,SUCCESS,Valid timeout handling
basic,150,25,SUCCESS,Valid timeout handling
basic,150,26,SUCCESS,Valid timeout handling
basic,150,27,SUCCESS,Valid timeout handling
basic,150,28,SUCCESS,Valid timeout handling
basic,150,29,SUCCESS,Valid timeout handling
basic,150,30,SUCCESS,Valid timeout handling
basic,200,1,SUCCESS,Valid timeout handling
basic,200,2,SUCCESS,Valid timeout handling
basic,200,3,SUCCESS,Valid timeout handling
basic,200,4,SUCCESS,Valid timeout handling
basic,200,5,SUCCESS,Valid timeout handling
basic,200,6,SUCCESS,Valid timeout handling
basic,200,7,SUCCESS,Valid timeout handling
basic,200,8,SUCCESS,Valid timeout handling
basic,200,9,SUCCESS,Valid timeout handling
basic,200,10,SUCCESS,Valid timeout handling
basic,200,11,SUCCESS,Valid timeout handling
basic,200,12,SUCCESS,Valid timeout handling
basic,200,13,SUCCESS,Valid timeout handling
basic,200,14,SUCCESS,Valid timeout handling
basic,200,15,SUCCESS,Valid timeout handling
basic,200,16,SUCCESS,Valid timeout handling
basic,200,17,SUCCESS,Valid timeout handling
basic,200,18,SUCCESS,Valid timeout handling
basic,200,19,SUCCESS,Valid timeout handling
basic,200,20,SUCCESS,Valid timeout handling
basic,200,21,SUCCESS,Valid timeout handling
basic,200,22,SUCCESS,Valid timeout handling
basic,200,23,SUCCESS,Valid timeout handling
basic,200,24,SUCCESS,Valid timeout handling
basic,200,25,SUCCESS,Valid timeout handling
basic,200,26,SUCCESS,Valid timeout handling
basic,200,27,SUCCESS,Valid timeout handling
basic,200,28,SUCCESS,Valid timeout handling
basic,200,29,SUCCESS,Valid timeout handling
basic,200,30,SUCCESS,Valid timeout handling
basic,300,1,SUCCESS,Valid timeout handling
basic,300,2,SUCCESS,Valid timeout handling
basic,300,3,SUCCESS,Valid timeout handling
basic,300,4,SUCCESS,Valid timeout handling
basic,300,5,SUCCESS,Valid timeout handling
basic,300,6,SUCCESS,Valid timeout handling
basic,300,7,SUCCESS,Valid timeout handling
basic,300,8,SUCCESS,Valid timeout handling
basic,300,9,SUCCESS,Valid timeout handling
basic,300,10,SUCCESS,Valid timeout handling
basic,300,11,SUCCESS,Valid timeout handling
basic,300,12,SUCCESS,Valid timeout handling
basic,300,13,SUCCESS,Valid timeout handling
basic,300,14,SUCCESS,Valid timeout handling
basic,300,15,SUCCESS,Valid timeout handling
basic,300,16,SUCCESS,Valid timeout handling
basic,300,17,SUCCESS,Valid timeout handling
basic,300,18,SUCCESS,Valid timeout handling
basic,300,19,SUCCESS,Valid timeout handling
basic,300,20,SUCCESS,Valid timeout handling
basic,300,21,SUCCESS,Valid timeout handling
basic,300,22,SUCCESS,Valid timeout handling
basic,300,23,SUCCESS,Valid timeout handling
basic,300,24,SUCCESS,Valid timeout handling
basic,300,25,SUCCESS,Valid timeout handling
basic,300,26,SUCCESS,Valid timeout handling
basic,300,27,SUCCESS,Valid timeout handling
basic,300,28,SUCCESS,Valid timeout handling
basic,300,29,SUCCESS,Valid timeout handling
basic,300,30,SUCCESS,Valid timeout handling
skip_cert,100,1,SUCCESS,Valid skip certificate
skip_cert,100,2,SUCCESS,Valid skip certificate
skip_cert,100,3,SUCCESS,Valid skip certificate
skip_cert,100,4,SUCCESS,Valid skip certificate
skip_cert,100,5,SUCCESS,Valid skip certificate
skip_cert,100,6,SUCCESS,Valid skip certificate
skip_cert,100,7,SUCCESS,Valid skip certificate
skip_cert,100,8,SUCCESS,Valid skip certificate
skip_cert,100,9,SUCCESS,Valid skip certificate
skip_cert,100,10,SUCCESS,Valid skip certificate
skip_cert,100,11,SUCCESS,Valid skip certificate
skip_cert,100,12,SUCCESS,Valid skip certificate
skip_cert,100,13,SUCCESS,Valid skip certificate
skip_cert,100,14,SUCCESS,Valid skip certificate
skip_cert,100,15,SUCCESS,Valid skip certificate
skip_cert,100,16,SUCCESS,Valid skip certificate
skip_cert,100,17,SUCCESS,Valid skip certificate
skip_cert,100,18,SUCCESS,Valid skip certificate
skip_cert,100,19,SUCCESS,Valid skip certificate
skip_cert,100,20,SUCCESS,Valid skip certificate
skip_cert,100,21,SUCCESS,Valid skip certificate
skip_cert,100,22,SUCCESS,Valid skip certificate
skip_cert,100,23,SUCCESS,Valid skip certificate
skip_cert,100,24,SUCCESS,Valid skip certificate
skip_cert,100,25,SUCCESS,Valid skip certificate
skip_cert,100,26,SUCCESS,Valid skip certificate
skip_cert,100,27,SUCCESS,Valid skip certificate
skip_cert,100,28,SUCCESS,Valid skip certificate
skip_cert,100,29,SUCCESS,Valid skip certificate
skip_cert,100,30,SUCCESS,Valid skip certificate
skip_cert,100,31,SUCCESS,Valid skip certificate
skip_cert,100,32,SUCCESS,Valid skip certificate
skip_cert,100,33,SUCCESS,Valid skip certificate
skip_cert,100,34,SUCCESS,Valid skip certificate
skip_cert,100,35,SUCCESS,Valid skip certificate
skip_cert,100,36,SUCCESS,Valid skip certificate
skip_cert,100,37,SUCCESS,Valid skip certificate
skip_cert,100,38,SUCCESS,Valid skip certificate
skip_cert,100,39,SUCCESS,Valid skip certificate
skip_cert,100,40,SUCCESS,Valid skip certificate
skip_cert,100,41,SUCCESS,Valid skip certificate
skip_cert,100,42,SUCCESS,Valid skip certificate
skip_cert,100,43,SUCCESS,Valid skip certificate
skip_cert,100,44,SUCCESS,Valid skip certificate
skip_cert,100,45,SUCCESS,Valid skip certificate
skip_cert,100,46,SUCCESS,Valid skip certificate
skip_cert,100,47,SUCCESS,Valid skip certificate
skip_cert,100,48,SUCCESS,Valid skip certificate
skip_cert,100,49,SUCCESS,Valid skip certificate
skip_cert,100,50,SUCCESS,Valid skip certificate
badwindow,100,1,SUCCESS,Valid BadWindow triggering
badwindow,100,2,SUCCESS,Valid BadWindow triggering
badwindow,100,3,SUCCESS,Valid BadWindow triggering
badwindow,100,4,SUCCESS,Valid BadWindow triggering
badwindow,100,5,SUCCESS,Valid BadWindow triggering
badwindow,100,6,SUCCESS,Valid BadWindow triggering
badwindow,100,7,SUCCESS,Valid BadWindow triggering
badwindow,100,8,SUCCESS,Valid BadWindow triggering
badwindow,100,9,SUCCESS,Valid BadWindow triggering
badwindow,100,10,SUCCESS,Valid BadWindow triggering
badwindow,100,11,SUCCESS,Valid BadWindow triggering
badwindow,100,12,SUCCESS,Valid BadWindow triggering
badwindow,100,13,SUCCESS,Valid BadWindow triggering
badwindow,100,14,SUCCESS,Valid BadWindow triggering
badwindow,100,15,SUCCESS,Valid BadWindow triggering
badwindow,100,16,SUCCESS,Valid BadWindow triggering
badwindow,100,17,SUCCESS,Valid BadWindow triggering
badwindow,100,18,SUCCESS,Valid BadWindow triggering
badwindow,100,19,SUCCESS,Valid BadWindow triggering
badwindow,100,20,SUCCESS,Valid BadWindow triggering
badwindow,100,21,SUCCESS,Valid BadWindow triggering
badwindow,100,22,SUCCESS,Valid BadWindow triggering
badwindow,100,23,SUCCESS,Valid BadWindow triggering
badwindow,100,24,SUCCESS,Valid BadWindow triggering
badwindow,100,25,SUCCESS,Valid BadWindow triggering
badwindow,100,26,SUCCESS,Valid BadWindow triggering
badwindow,100,27,SUCCESS,Valid BadWindow triggering
badwindow,100,28,SUCCESS,Valid BadWindow triggering
badwindow,100,29,SUCCESS,Valid BadWindow triggering
badwindow,100,30,SUCCESS,Valid BadWindow triggering
badwindow,100,31,SUCCESS,Valid BadWindow triggering
badwindow,100,32,SUCCESS,Valid BadWindow triggering
badwindow,100,33,SUCCESS,Valid BadWindow triggering
badwindow,100,34,SUCCESS,Valid BadWindow triggering
badwindow,100,35,SUCCESS,Valid BadWindow triggering
badwindow,100,36,SUCCESS,Valid BadWindow triggering
badwindow,100,37,SUCCESS,Valid BadWindow triggering
badwindow,100,38,SUCCESS,Valid BadWindow triggering
badwindow,100,39,SUCCESS,Valid BadWindow triggering
badwindow,100,40,SUCCESS,Valid BadWindow triggering
badwindow,100,41,SUCCESS,Valid BadWindow triggering
badwindow,100,42,SUCCESS,Valid BadWindow triggering
badwindow,100,43,SUCCESS,Valid BadWindow triggering
badwindow,100,44,SUCCESS,Valid BadWindow triggering
badwindow,100,45,SUCCESS,Valid BadWindow triggering
badwindow,100,46,SUCCESS,Valid BadWindow triggering
badwindow,100,47,SUCCESS,Valid BadWindow triggering
badwindow,100,48,SUCCESS,Valid BadWindow triggering
badwindow,100,49,SUCCESS,Valid BadWindow triggering
badwindow,100,50,SUCCESS,Valid BadWindow triggering
network_delay,10,1,SUCCESS,Valid network delay handling
network_delay,10,2,SUCCESS,Valid network delay handling
network_delay,10,3,SUCCESS,Valid network delay handling
network_delay,10,4,SUCCESS,Valid network delay handling
network_delay,10,5,SUCCESS,Valid network delay handling
network_delay,10,6,SUCCESS,Valid network delay handling
network_delay,10,7,SUCCESS,Valid network delay handling
network_delay,10,8,SUCCESS,Valid network delay handling
network_delay,10,9,SUCCESS,Valid network delay handling
network_delay,10,10,SUCCESS,Valid network delay handling
network_delay,10,11,SUCCESS,Valid network delay handling
network_delay,10,12,SUCCESS,Valid network delay handling
network_delay,10,13,SUCCESS,Valid network delay handling
network_delay,10,14,SUCCESS,Valid network delay handling
network_delay,10,15,SUCCESS,Valid network delay handling
network_delay,10,16,SUCCESS,Valid network delay handling
network_delay,10,17,SUCCESS,Valid network delay handling
network_delay,10,18,SUCCESS,Valid network delay handling
network_delay,10,19,SUCCESS,Valid network delay handling
network_delay,10,20,SUCCESS,Valid network delay handling
network_delay,10,21,SUCCESS,Valid network delay handling
network_delay,10,22,SUCCESS,Valid network delay handling
network_delay,10,23,SUCCESS,Valid network delay handling
network_delay,10,24,SUCCESS,Valid network delay handling
network_delay,10,25,SUCCESS,Valid network delay handling
network_delay,10,26,SUCCESS,Valid network delay handling
network_delay,10,27,SUCCESS,Valid network delay handling
network_delay,10,28,SUCCESS,Valid network delay handling
network_delay,10,29,SUCCESS,Valid network delay handling
network_delay,10,30,SUCCESS,Valid network delay handling
network_delay,20,1,SUCCESS,Valid network delay handling
network_delay,20,2,SUCCESS,Valid network delay handling
network_delay,20,3,SUCCESS,Valid network delay handling
network_delay,20,4,SUCCESS,Valid network delay handling
network_delay,20,5,SUCCESS,Valid network delay handling
network_delay,20,6,SUCCESS,Valid network delay handling
network_delay,20,7,SUCCESS,Valid network delay handling
network_delay,20,8,SUCCESS,Valid network delay handling
network_delay,20,9,SUCCESS,Valid network delay handling
network_delay,20,10,SUCCESS,Valid network delay handling
network_delay,20,11,SUCCESS,Valid network delay handling
network_delay,20,12,SUCCESS,Valid network delay handling
network_delay,20,13,SUCCESS,Valid network delay handling
network_delay,20,14,SUCCESS,Valid network delay handling
network_delay,20,15,SUCCESS,Valid network delay handling
network_delay,20,16,SUCCESS,Valid network delay handling
network_delay,20,17,SUCCESS,Valid network delay handling
network_delay,20,18,SUCCESS,Valid network delay handling
network_delay,20,19,SUCCESS,Valid network delay handling
network_delay,20,20,SUCCESS,Valid network delay handling
network_delay,20,21,SUCCESS,Valid network delay handling
network_delay,20,22,SUCCESS,Valid network delay handling
network_delay,20,23,SUCCESS,Valid network delay handling
network_delay,20,24,SUCCESS,Valid network delay handling
network_delay,20,25,SUCCESS,Valid network delay handling
network_delay,20,26,SUCCESS,Valid network delay handling
network_delay,20,27,SUCCESS,Valid network delay handling
network_delay,20,28,SUCCESS,Valid network delay handling
network_delay,20,29,SUCCESS,Valid network delay handling
network_delay,20,30,SUCCESS,Valid network delay handling
network_delay,30,1,SUCCESS,Valid network delay handling
network_delay,30,2,SUCCESS,Valid network delay handling
network_delay,30,3,SUCCESS,Valid network delay handling
network_delay,30,4,SUCCESS,Valid network delay handling
network_delay,30,5,SUCCESS,Valid network delay handling
network_delay,30,6,SUCCESS,Valid network delay handling
network_delay,30,7,SUCCESS,Valid network delay handling
network_delay,30,8,SUCCESS,Valid network delay handling
network_delay,30,9,SUCCESS,Valid network delay handling
network_delay,30,10,SUCCESS,Valid network delay handling
network_delay,30,11,SUCCESS,Valid network delay handling
network_delay,30,12,SUCCESS,Valid network delay handling
network_delay,30,13,SUCCESS,Valid network delay handling
network_delay,30,14,SUCCESS,Valid network delay handling
network_delay,30,15,SUCCESS,Valid network delay handling
network_delay,30,16,SUCCESS,Valid network delay handling
network_delay,30,17,SUCCESS,Valid network delay handling
network_delay,30,18,SUCCESS,Valid network delay handling
network_delay,30,19,SUCCESS,Valid network delay handling
network_delay,30,20,SUCCESS,Valid network delay handling
network_delay,30,21,SUCCESS,Valid network delay handling
network_delay,30,22,SUCCESS,Valid network delay handling
network_delay,30,23,SUCCESS,Valid network delay handling
network_delay,30,24,SUCCESS,Valid network delay handling
network_delay,30,25,SUCCESS,Valid network delay handling
network_delay,30,26,SUCCESS,Valid network delay handling
network_delay,30,27,SUCCESS,Valid network delay handling
network_delay,30,28,SUCCESS,Valid network delay handling
network_delay,30,29,SUCCESS,Valid network delay handling
network_delay,30,30,SUCCESS,Valid network delay handling
network_delay,40,1,SUCCESS,Valid network delay handling
network_delay,40,2,SUCCESS,Valid network delay handling
network_delay,40,3,SUCCESS,Valid network delay handling
network_delay,40,4,SUCCESS,Valid network delay handling
network_delay,40,5,SUCCESS,Valid network delay handling
network_delay,40,6,SUCCESS,Valid network delay handling
network_delay,40,7,SUCCESS,Valid network delay handling
network_delay,40,8,SUCCESS,Valid network delay handling
network_delay,40,9,SUCCESS,Valid network delay handling
network_delay,40,10,SUCCESS,Valid network delay handling
network_delay,40,11,SUCCESS,Valid network delay handling
network_delay,40,12,SUCCESS,Valid network delay handling
network_delay,40,13,SUCCESS,Valid network delay handling
network_delay,40,14,SUCCESS,Valid network delay handling
network_delay,40,15,SUCCESS,Valid network delay handling
network_delay,40,16,SUCCESS,Valid network delay handling
network_delay,40,17,SUCCESS,Valid network delay handling
network_delay,40,18,SUCCESS,Valid network delay handling
network_delay,40,19,SUCCESS,Valid network delay handling
network_delay,40,20,SUCCESS,Valid network delay handling
network_delay,40,21,SUCCESS,Valid network delay handling
network_delay,40,22,SUCCESS,Valid network delay handling
network_delay,40,23,SUCCESS,Valid network delay handling
network_delay,40,24,SUCCESS,Valid network delay handling
network_delay,40,25,SUCCESS,Valid network delay handling
network_delay,40,26,SUCCESS,Valid network delay handling
network_delay,40,27,SUCCESS,Valid network delay handling
network_delay,40,28,SUCCESS,Valid network delay handling
network_delay,40,29,SUCCESS,Valid network delay handling
network_delay,40,30,SUCCESS,Valid network delay handling
network_delay,50,1,SUCCESS,Valid network delay handling
network_delay,50,2,SUCCESS,Valid network delay handling
network_delay,50,3,SUCCESS,Valid network delay handling
network_delay,50,4,SUCCESS,Valid network delay handling
network_delay,50,5,SUCCESS,Valid network delay handling
network_delay,50,6,SUCCESS,Valid network delay handling
network_delay,50,7,SUCCESS,Valid network delay handling
network_delay,50,8,SUCCESS,Valid network delay handling
network_delay,50,9,SUCCESS,Valid network delay handling
network_delay,50,10,SUCCESS,Valid network delay handling
network_delay,50,11,SUCCESS,Valid network delay handling
network_delay,50,12,SUCCESS,Valid network delay handling
network_delay,50,13,SUCCESS,Valid network delay handling
network_delay,50,14,SUCCESS,Valid network delay handling
network_delay,50,15,SUCCESS,Valid network delay handling
network_delay,50,16,SUCCESS,Valid network delay handling
network_delay,50,17,SUCCESS,Valid network delay handling
network_delay,50,18,SUCCESS,Valid network delay handling
network_delay,50,19,SUCCESS,Valid network delay handling
network_delay,50,20,SUCCESS,Valid network delay handling
network_delay,50,21,SUCCESS,Valid network delay handling
network_delay,50,22,SUCCESS,Valid network delay handling
network_delay,50,23,SUCCESS,Valid network delay handling
network_delay,50,24,SUCCESS,Valid network delay handling
network_delay,50,25,SUCCESS,Valid network delay handling
network_delay,50,26,SUCCESS,Valid network delay handling
network_delay,50,27,SUCCESS,Valid network delay handling
network_delay,50,28,SUCCESS,Valid network delay handling
network_delay,50,29,SUCCESS,Valid network delay handling
network_delay,50,30,SUCCESS,Valid network delay handling
recovery,100,1,SUCCESS,Valid timeout recovery
recovery,100,2,SUCCESS,Valid timeout recovery
recovery,100,3,SUCCESS,Valid timeout recovery
recovery,100,4,SUCCESS,Valid timeout recovery
recovery,100,5,SUCCESS,Valid timeout recovery
recovery,100,6,SUCCESS,Valid timeout recovery
recovery,100,7,SUCCESS,Valid timeout recovery
recovery,100,8,SUCCESS,Valid timeout recovery
recovery,100,9,SUCCESS,Valid timeout recovery
recovery,100,10,SUCCESS,Valid timeout recovery
recovery,100,11,SUCCESS,Valid timeout recovery
recovery,100,12,SUCCESS,Valid timeout recovery
recovery,100,13,SUCCESS,Valid timeout recovery
recovery,100,14,SUCCESS,Valid timeout recovery
recovery,100,15,SUCCESS,Valid timeout recovery
recovery,100,16,SUCCESS,Valid timeout recovery
recovery,100,17,SUCCESS,Valid timeout recovery
recovery,100,18,SUCCESS,Valid timeout recovery
recovery,100,19,SUCCESS,Valid timeout recovery
recovery,100,20,SUCCESS,Valid timeout recovery
recovery,100,21,SUCCESS,Valid timeout recovery
recovery,100,22,SUCCESS,Valid timeout recovery
recovery,100,23,SUCCESS,Valid timeout recovery
recovery,100,24,SUCCESS,Valid timeout recovery
recovery,100,25,SUCCESS,Valid timeout recovery
recovery,100,26,SUCCESS,Valid timeout recovery
recovery,100,27,SUCCESS,Valid timeout recovery
recovery,100,28,SUCCESS,Valid timeout recovery
recovery,100,29,SUCCESS,Valid timeout recovery
recovery,100,30,SUCCESS,Valid timeout recovery
recovery,100,31,SUCCESS,Valid timeout recovery
recovery,100,32,SUCCESS,Valid timeout recovery
recovery,100,33,SUCCESS,Valid timeout recovery
recovery,100,34,SUCCESS,Valid timeout recovery
recovery,100,35,SUCCESS,Valid timeout recovery
recovery,100,36,SUCCESS,Valid timeout recovery
recovery,100,37,SUCCESS,Valid timeout recovery
recovery,100,38,SUCCESS,Valid timeout recovery
recovery,100,39,SUCCESS,Valid timeout recovery
recovery,100,40,SUCCESS,Valid timeout recovery
recovery,100,41,SUCCESS,Valid timeout recovery
recovery,100,42,SUCCESS,Valid timeout recovery
recovery,100,43,SUCCESS,Valid timeout recovery
recovery,100,44,SUCCESS,Valid timeout recovery
recovery,100,45,SUCCESS,Valid timeout recovery
recovery,100,46,SUCCESS,Valid timeout recovery
recovery,100,47,SUCCESS,Valid timeout recovery
recovery,100,48,SUCCESS,Valid timeout recovery
recovery,100,49,SUCCESS,Valid timeout recovery
recovery,100,50,SUCCESS,Valid timeout recovery
concurrent,100,1,SUCCESS,Valid concurrent timeout handling
concurrent,100,2,SUCCESS,Valid concurrent timeout handling
concurrent,100,3,SUCCESS,Valid concurrent timeout handling
concurrent,100,4,SUCCESS,Valid concurrent timeout handling
concurrent,100,5,SUCCESS,Valid concurrent timeout handling
concurrent,100,6,SUCCESS,Valid concurrent timeout handling
concurrent,100,7,SUCCESS,Valid concurrent timeout handling
concurrent,100,8,SUCCESS,Valid concurrent timeout handling
concurrent,100,9,SUCCESS,Valid concurrent timeout handling
concurrent,100,10,SUCCESS,Valid concurrent timeout handling
concurrent,100,11,SUCCESS,Valid concurrent timeout handling
concurrent,100,12,SUCCESS,Valid concurrent timeout handling
concurrent,100,13,SUCCESS,Valid concurrent timeout handling
concurrent,100,14,SUCCESS,Valid concurrent timeout handling
concurrent,100,15,SUCCESS,Valid concurrent timeout handling
concurrent,100,16,SUCCESS,Valid concurrent timeout handling
concurrent,100,17,SUCCESS,Valid concurrent timeout handling
concurrent,100,18,SUCCESS,Valid concurrent timeout handling
concurrent,100,19,SUCCESS,Valid concurrent timeout handling
concurrent,100,20,SUCCESS,Valid concurrent timeout handling
concurrent,100,21,SUCCESS,Valid concurrent timeout handling
concurrent,100,22,SUCCESS,Valid concurrent timeout handling
concurrent,100,23,SUCCESS,Valid concurrent timeout handling
concurrent,100,24,SUCCESS,Valid concurrent timeout handling
concurrent,100,25,SUCCESS,Valid concurrent timeout handling
concurrent,100,26,SUCCESS,Valid concurrent timeout handling
concurrent,100,27,SUCCESS,Valid concurrent timeout handling
concurrent,100,28,SUCCESS,Valid concurrent timeout handling
concurrent,100,29,SUCCESS,Valid concurrent timeout handling
concurrent,100,30,SUCCESS,Valid concurrent timeout handling
partial_network,10,1,SUCCESS,Valid partial network handling
partial_network,10,2,SUCCESS,Valid partial network handling
partial_network,10,3,SUCCESS,Valid partial network handling
partial_network,10,4,SUCCESS,Valid partial network handling
partial_network,10,5,SUCCESS,Valid partial network handling
partial_network,10,6,SUCCESS,Valid partial network handling
partial_network,10,7,SUCCESS,Valid partial network handling
partial_network,10,8,SUCCESS,Valid partial network handling
partial_network,10,9,SUCCESS,Valid partial network handling
partial_network,10,10,SUCCESS,Valid partial network handling
partial_network,10,11,SUCCESS,Valid partial network handling
partial_network,10,12,SUCCESS,Valid partial network handling
partial_network,10,13,SUCCESS,Valid partial network handling
partial_network,10,14,SUCCESS,Valid partial network handling
partial_network,10,15,SUCCESS,Valid partial network handling
partial_network,10,16,SUCCESS,Valid partial network handling
partial_network,10,17,SUCCESS,Valid partial network handling
partial_network,10,18,SUCCESS,Valid partial network handling
partial_network,10,19,SUCCESS,Valid partial network handling
partial_network,10,20,SUCCESS,Valid partial network handling
partial_network,10,21,SUCCESS,Valid partial network handling
partial_network,10,22,SUCCESS,Valid partial network handling
partial_network,10,23,SUCCESS,Valid partial network handling
partial_network,10,24,SUCCESS,Valid partial network handling
partial_network,10,25,SUCCESS,Valid partial network handling
partial_network,10,26,SUCCESS,Valid partial network handling
partial_network,10,27,SUCCESS,Valid partial network handling
partial_network,10,28,SUCCESS,Valid partial network handling
partial_network,10,29,SUCCESS,Valid partial network handling
partial_network,10,30,SUCCESS,Valid partial network handling
partial_network,20,1,SUCCESS,Valid partial network handling
partial_network,20,2,SUCCESS,Valid partial network handling
partial_network,20,3,SUCCESS,Valid partial network handling
partial_network,20,4,SUCCESS,Valid partial network handling
partial_network,20,5,SUCCESS,Valid partial network handling
partial_network,20,6,SUCCESS,Valid partial network handling
partial_network,20,7,SUCCESS,Valid partial network handling
partial_network,20,8,SUCCESS,Valid partial network handling
partial_network,20,9,SUCCESS,Valid partial network handling
partial_network,20,10,SUCCESS,Valid partial network handling
partial_network,20,11,SUCCESS,Valid partial network handling
partial_network,20,12,SUCCESS,Valid partial network handling
partial_network,20,13,SUCCESS,Valid partial network handling
partial_network,20,14,SUCCESS,Valid partial network handling
partial_network,20,15,SUCCESS,Valid partial network handling
partial_network,20,16,SUCCESS,Valid partial network handling
partial_network,20,17,SUCCESS,Valid partial network handling
partial_network,20,18,SUCCESS,Valid partial network handling
partial_network,20,19,SUCCESS,Valid partial network handling
partial_network,20,20,SUCCESS,Valid partial network handling
partial_network,20,21,SUCCESS,Valid partial network handling
partial_network,20,22,SUCCESS,Valid partial network handling
partial_network,20,23,SUCCESS,Valid partial network handling
partial_network,20,24,SUCCESS,Valid partial network handling
partial_network,20,25,SUCCESS,Valid partial network handling
partial_network,20,26,SUCCESS,Valid partial network handling
partial_network,20,27,SUCCESS,Valid partial network handling
partial_network,20,28,SUCCESS,Valid partial network handling
partial_network,20,29,SUCCESS,Valid partial network handling
partial_network,20,30,SUCCESS,Valid partial network handling
partial_network,30,1,SUCCESS,Valid partial network handling
partial_network,30,2,SUCCESS,Valid partial network handling
partial_network,30,3,SUCCESS,Valid partial network handling
partial_network,30,4,SUCCESS,Valid partial network handling
partial_network,30,5,SUCCESS,Valid partial network handling
partial_network,30,6,SUCCESS,Valid partial network handling
partial_network,30,7,SUCCESS,Valid partial network handling
partial_network,30,8,SUCCESS,Valid partial network handling
partial_network,30,9,SUCCESS,Valid partial network handling
partial_network,30,10,SUCCESS,Valid partial network handling
partial_network,30,11,SUCCESS,Valid partial network handling
partial_network,30,12,SUCCESS,Valid partial network handling
partial_network,30,13,SUCCESS,Valid partial network handling
partial_network,30,14,SUCCESS,Valid partial network handling
partial_network,30,15,SUCCESS,Valid partial network handling
partial_network,30,16,SUCCESS,Valid partial network handling
partial_network,30,17,SUCCESS,Valid partial network handling
partial_network,30,18,SUCCESS,Valid partial network handling
partial_network,30,19,SUCCESS,Valid partial network handling
partial_network,30,20,SUCCESS,Valid partial network handling
partial_network,30,21,SUCCESS,Valid partial network handling
partial_network,30,22,SUCCESS,Valid partial network handling
partial_network,30,23,SUCCESS,Valid partial network handling
partial_network,30,24,SUCCESS,Valid partial network handling
partial_network,30,25,SUCCESS,Valid partial network handling
partial_network,30,26,SUCCESS,Valid partial network handling
partial_network,30,27,SUCCESS,Valid partial network handling
partial_network,30,28,SUCCESS,Valid partial network handling
partial_network,30,29,SUCCESS,Valid partial network handling
partial_network,30,30,SUCCESS,Valid partial network handling
partial_network,40,1,SUCCESS,Valid partial network handling
partial_network,40,2,SUCCESS,Valid partial network handling
partial_network,40,3,SUCCESS,Valid partial network handling
partial_network,40,4,SUCCESS,Valid partial network handling
partial_network,40,5,SUCCESS,Valid partial network handling
partial_network,40,6,SUCCESS,Valid partial network handling
partial_network,40,7,SUCCESS,Valid partial network handling
partial_network,40,8,SUCCESS,Valid partial network handling
partial_network,40,9,SUCCESS,Valid partial network handling
partial_network,40,10,SUCCESS,Valid partial network handling
partial_network,40,11,SUCCESS,Valid partial network handling
partial_network,40,12,SUCCESS,Valid partial network handling
partial_network,40,13,SUCCESS,Valid partial network handling
partial_network,40,14,SUCCESS,Valid partial network handling
partial_network,40,15,SUCCESS,Valid partial network handling
partial_network,40,16,SUCCESS,Valid partial network handling
partial_network,40,17,SUCCESS,Valid partial network handling
partial_network,40,18,SUCCESS,Valid partial network handling
partial_network,40,19,SUCCESS,Valid partial network handling
partial_network,40,20,SUCCESS,Valid partial network handling
partial_network,40,21,SUCCESS,Valid partial network handling
partial_network,40,22,SUCCESS,Valid partial network handling
partial_network,40,23,SUCCESS,Valid partial network handling
partial_network,40,24,SUCCESS,Valid partial network handling
partial_network,40,25,SUCCESS,Valid partial network handling
partial_network,40,26,SUCCESS,Valid partial network handling
partial_network,40,27,SUCCESS,Valid partial network handling
partial_network,40,28,SUCCESS,Valid partial network handling
partial_network,40,29,SUCCESS,Valid partial network handling
partial_network,40,30,SUCCESS,Valid partial network handling
